article_id,title,url,description,published_at,company_tags,source,source_quality,feed_url,ingested_at
e936e49b0a80374ac1b79921f807dbf7,"Nomura trims target price on this Tata Group stock, still sees nearly 30% upside. Do you hold?",https://economictimes.indiatimes.com/markets/stocks/news/nomura-trims-target-price-on-this-tata-group-stock-still-sees-nearly-30-upside-do-you-hold/articleshow/129651138.cms,"Brokerage Nomura maintains a Buy rating on Indian Hotels Company Ltd. The target price is now Rs 800, a slight reduction. Nomura anticipates a limited impact in the fourth quarter of fiscal year 2026. Conditions are expected to normalize over the next two to three months. This outlook supports a positive medium-term view on the company.","Wed, 18 Mar 2026 13:43:32 +0530",sector,economic_times,0.8,https://economictimes.indiatimes.com/markets/stocks/rssfeeds/2146842.cms,2026-03-18T08:36:41.793074
2e3a365bbf5118822f3236199d942eee,"Spicejet shares fall 3%, IndiGo erases morning gains after DGCA mandates 60% free seat selection",https://economictimes.indiatimes.com/markets/stocks/news/spicejet-shares-fall-3-indigo-erases-morning-gains-after-dgca-mandates-60-free-seat-selection/articleshow/129651101.cms,"Airlines IndiGo and Spicejet saw their share prices dip after the DGCA mandated that at least 60% of flight seats must be offered without selection charges. This passenger-friendly directive also requires airlines to seat passengers on the same PNR together and transparently display passenger rights, especially during disruptions.","Wed, 18 Mar 2026 13:42:42 +0530",sector,economic_times,0.8,https://economictimes.indiatimes.com/markets/stocks/rssfeeds/2146842.cms,2026-03-18T08:36:41.793074
d2fc22c3e2a70b417dc2cd16140d0975,"Iran-Israel war, pricey valuations drag metals, stocks plunge up to 15% since conflict began. Buy or sell 2025’s top sector?",https://economictimes.indiatimes.com/markets/stocks/news/iran-israel-war-pricey-valuations-drag-metals-stocks-plunge-up-to-15-since-conflict-began-buy-or-sell-2025s-top-sector/articleshow/129651088.cms,"Metal stocks, once among 2025’s top performers, have slipped up to 15% since the Iran–Israel/US conflict began on February 27. Despite showing resilience versus other sectors, high valuations and global risk-off sentiment are weighing on the space, leaving metals vulnerable to a deeper correction amid elevated macro uncertainty.","Wed, 18 Mar 2026 13:41:14 +0530",sector,economic_times,0.8,https://economictimes.indiatimes.com/markets/stocks/rssfeeds/2146842.cms,2026-03-18T08:36:41.793074
14d296e63b76d6de29325c57a09741cb,Dhurandhar effect: PVR Inox shares jump 6% in three days; will Hamza's revenge fire up earnings?,https://economictimes.indiatimes.com/markets/stocks/news/dhurandhar-effect-pvr-inox-shares-jump-6-in-three-days-will-hamzas-revenge-fire-up-earnings/articleshow/129650518.cms,"PVR Inox shares have rallied as strong early trends for Dhurandhar: The Revenge raise expectations of a box office blockbuster. Analysts believe the film could significantly boost quarterly earnings, with robust advance bookings and multi-language release supporting higher footfalls and potentially lifting overall industry collections in a weak quarter.","Wed, 18 Mar 2026 13:13:21 +0530",sector,economic_times,0.8,https://economictimes.indiatimes.com/markets/stocks/rssfeeds/2146842.cms,2026-03-18T08:36:41.793074
63df8624a0731875c280058b7f50a8aa,Unique Picks: 10 stocks held by only one MF scheme in February; 4 jumped up to 140%,https://economictimes.indiatimes.com/markets/stocks/news/unique-picks-10-stocks-held-by-only-one-mf-scheme-in-february-4-jumped-up-to-140/slideshow/129650523.cms,"ETMarkets identified 24 stocks held exclusively by single mutual fund schemes, most declining sharply in FY26, while a few delivered strong gains, highlighting concentrated ownership risks and divergent performance trends.","Wed, 18 Mar 2026 12:59:00 +0530",sector,economic_times,0.8,https://economictimes.indiatimes.com/markets/stocks/rssfeeds/2146842.cms,2026-03-18T08:36:41.793074
10f60dacfbd0f11104e569b8afba8f8b,US Fed outcome today amid Iran war: What to expect and what it means for Indian markets,https://economictimes.indiatimes.com/markets/stocks/news/us-fed-outcome-today-amid-iran-war-what-to-expect-and-what-it-means-for-indian-markets/articleshow/129648345.cms,"The US Federal Reserve is expected to hold rates amid rising uncertainty from the Iran conflict and mixed economic signals. Markets will closely track the Fed’s commentary for cues on rate cuts. Indian equities may react to global liquidity trends, crude oil movement and potential FII flows influenced by US policy signals.","Wed, 18 Mar 2026 11:20:46 +0530",sector,economic_times,0.8,https://economictimes.indiatimes.com/markets/stocks/rssfeeds/2146842.cms,2026-03-18T08:36:41.793074
b03698cf61d5abc826ca298e23fc9ea7,"Adani Power shares fall 2%, snap two-day gaining streak. Here is why",https://economictimes.indiatimes.com/markets/stocks/news/adani-power-shares-fall-2-snap-two-day-gaining-streak-here-is-why/articleshow/129648239.cms,"Adani Power shares declined after a recent rally as investors booked profits despite strong momentum in power stocks. The company continues to secure long-term power supply agreements and expand capacity. However, recent quarterly results showed a decline in profit and revenue, even as management remains optimistic about growth and execution.","Wed, 18 Mar 2026 11:13:43 +0530",sector,economic_times,0.8,https://economictimes.indiatimes.com/markets/stocks/rssfeeds/2146842.cms,2026-03-18T08:36:41.793074
a7e4f4a5c4f0deb7a2d32b5d2f0db3ee,Hexaware Tech shares jump 5% on launch of Agentverse AI platform,https://economictimes.indiatimes.com/markets/stocks/news/hexaware-tech-shares-jump-5-after-firm-launches-agentverse-with-600-ai-agents/articleshow/129648172.cms,"Shares of Hexaware Technologies rose sharply after the launch of Agentverse, an enterprise AI platform with 600+ agents. The offering aims to help companies move from AI pilots to full-scale deployment, driving productivity gains, faster response times, cost efficiencies, and improved customer experience.","Wed, 18 Mar 2026 11:07:17 +0530",sector,economic_times,0.8,https://economictimes.indiatimes.com/markets/stocks/rssfeeds/2146842.cms,2026-03-18T08:36:41.793074
3546558d1f0ab5eaff0f4542ff2b8f07,"War, Energy, and the Euro: The conflict that could test Europe’s economy again",https://economictimes.indiatimes.com/markets/stocks/news/war-energy-and-the-euro-the-conflict-that-could-test-europes-economy-again/articleshow/129647748.cms,"Rising tensions between the U.S. and Iran could reshape global markets, with energy disruption emerging as the biggest risk. Europe, still vulnerable after the Russia–Ukraine crisis, faces renewed pressure from potential LNG shortages, higher inflation, and slower growth, while the euro may weaken further amid escalating geopolitical and economic uncertainty.","Wed, 18 Mar 2026 10:36:24 +0530",sector,economic_times,0.8,https://economictimes.indiatimes.com/markets/stocks/rssfeeds/2146842.cms,2026-03-18T08:36:41.793074
0bbe24481489c15c106b24bc8e040b49,"Rs 7 lakh crore added! Sensex jumps over 800 pts, Nifty reclaims 23,800 mark; 4 factors behind today's surge",https://economictimes.indiatimes.com/markets/stocks/news/why-is-the-stock-market-rising-today-rs-5-lakh-cr-gains-sensex-jumps-500-pts-nifty-above-23700-easing-oil-prices-among-4-factors-behind-the-surge/articleshow/129647260.cms,"Indian stock markets surged for a third consecutive session, with the Sensex and Nifty 50 climbing significantly. This rally was driven by easing oil prices, positive global market sentiment, and declining bond yields. Investors are also engaging in value buying after a recent selloff.","Wed, 18 Mar 2026 10:12:34 +0530",sector,economic_times,0.8,https://economictimes.indiatimes.com/markets/stocks/rssfeeds/2146842.cms,2026-03-18T08:36:41.793074
3538ba6640e671bfd9bd02143f0bd7eb,"Stock Market Holiday 2026: Will NSE &amp; BSE be closed on Ugadi, Gudi Padwa and Eid-Ul-Fitr?",https://economictimes.indiatimes.com/markets/stocks/news/stock-market-holiday-2026-will-nse-bse-be-closed-on-ugadi-gudi-padwa-and-eid-ul-fitr/articleshow/129647205.cms,"NSE Holidays 2026: Indian stock markets will operate without holidays this week, including during Ugadi, Gudi Padwa, and Eid-Ul-Fitr. Further closures are planned for Shri Ram Navami and Shri Mahavir Jayanti in March. April will see market holidays for Good Friday and Dr. Baba Saheb Ambedkar Jayanti. Investors should note these trading days. The exchanges may adjust the schedule.","Wed, 18 Mar 2026 10:10:49 +0530",sector,economic_times,0.8,https://economictimes.indiatimes.com/markets/stocks/rssfeeds/2146842.cms,2026-03-18T08:36:41.793074
d386c82ec9bbaa163a7bc6dd0e59ba29,"TCS, Infosys, Wipro and other IT stocks soar up to 4%. Here’s what’s triggering the surge",https://economictimes.indiatimes.com/markets/stocks/news/tcs-infosys-wipro-and-other-it-stocks-soar-up-to-4-heres-whats-triggering-the-surge/articleshow/129647288.cms,"IT stocks rallied up to 4% on Wednesday after CLSA retained its Outperform rating on key names, easing concerns around AI-led disruption that had sparked a sharp selloff last month. Coforge and Persistent led gains, rising over 4% each, while TCS, LTIMindtree, HCL Tech, Tech Mahindra and Wipro also posted strong advances.","Wed, 18 Mar 2026 10:05:31 +0530",Mahindra,economic_times,0.8,https://economictimes.indiatimes.com/markets/stocks/rssfeeds/2146842.cms,2026-03-18T08:36:41.793074
ef41da9ba65c2219e97429ccb58d2216,IT stocks face fresh AI worries; is more correction ahead?,https://economictimes.indiatimes.com/markets/stocks/news/it-stocks-face-fresh-ai-worries-is-more-correction-ahead/articleshow/129647022.cms,"Indian IT stocks are experiencing a significant correction, driven by fears of AI automation impacting outsourcing demand, amplified by Nvidia's AI chip announcements. Analysts, however, see current valuations as reflecting pessimism, creating selective buying opportunities amidst evolving AI adoption and potential US economic headwinds.","Wed, 18 Mar 2026 09:48:47 +0530",sector,economic_times,0.8,https://economictimes.indiatimes.com/markets/stocks/rssfeeds/2146842.cms,2026-03-18T08:36:41.793074
a6dc4bbd5fce506ba74c24d40c3571d9,"$200 crude oil scenario: How Reliance Industries, ONGC &amp; OMCs stack up",https://economictimes.indiatimes.com/markets/stocks/news/200-crude-oil-scenario-how-reliance-industries-ongc-omcs-stack-up/articleshow/129646756.cms,"Global oil prices are soaring, threatening India's import-reliant economy. A potential $200 per barrel scenario looms, impacting refiners and oil marketing companies severely. While Reliance Industries shows resilience, upstream players like ONGC face price caps. Gas companies grapple with supply route disruptions, potentially affecting industrial users and CNG availability.","Wed, 18 Mar 2026 09:29:07 +0530",sector,economic_times,0.8,https://economictimes.indiatimes.com/markets/stocks/rssfeeds/2146842.cms,2026-03-18T08:36:41.793074
972388ae39a8fc84d97854202364e0b0,"Sensex rises over 500 points, Nifty opens above 23,700  as investors cheer easing oil prices",https://economictimes.indiatimes.com/markets/stocks/news/sensex-rises-300-points-nifty-opens-above-23600-as-investors-cheer-easing-oil-prices/articleshow/129646499.cms,"Indian stock markets extended gains for a third consecutive session, with the Sensex and Nifty 50 opening higher. Easing oil prices, following an agreement to resume exports from Turkey's Ceyhan port, and a decline in US bond yields boosted investor sentiment. Global markets also showed positive movement, though geopolitical tensions in the Middle East persist.","Wed, 18 Mar 2026 09:26:47 +0530",sector,economic_times,0.8,https://economictimes.indiatimes.com/markets/stocks/rssfeeds/2146842.cms,2026-03-18T08:36:41.793074
edd035c8f01506a34dc1ddb9c65782c6,"Iran war: Adani Power, Hatsun Agro among 10 stocks that surged up to 40% since conflict began",https://economictimes.indiatimes.com/markets/stocks/news/iran-war-adani-power-hatsun-agro-among-10-stocks-that-surged-up-to-40-since-conflict-began/slideshow/129646697.cms,"Amidst geopolitical tensions and market corrections, select Indian stocks have surged significantly. Defence, jewellery, digital infrastructure, and energy sectors have shown robust performance, with companies like Swan Defence, Bluestone Jewellery, Sterlite Technologies, and Adani Power leading the gains. Resilience in banking and consumption stocks also highlights selective investor interest in stable businesses.","Wed, 18 Mar 2026 09:16:11 +0530",sector,economic_times,0.8,https://economictimes.indiatimes.com/markets/stocks/rssfeeds/2146842.cms,2026-03-18T08:36:41.793074
242146e36d94c7bc8f952ff79211153b,How to shield your portfolio from Iran war? 5 must use strategies for stock market investors,https://economictimes.indiatimes.com/markets/stocks/news/how-to-shield-your-portfolio-from-iran-war-5-must-use-strategies-for-stock-market-investors/articleshow/129646369.cms,Indian equities face sharp corrections due to geopolitical tensions. Investors should avoid panic and adopt disciplined strategies. Adjust sector exposure to global risks. Invest gradually in tranches. Rebalance portfolios toward defensives and diversify. Focus on large caps and fundamentally strong companies. Manage risk for future returns.,"Wed, 18 Mar 2026 09:00:15 +0530",sector,economic_times,0.8,https://economictimes.indiatimes.com/markets/stocks/rssfeeds/2146842.cms,2026-03-18T08:36:41.793074
79cad28f399899a69bbfeba8d1687b03,"Tata Steel shares in focus as firm set to merge Neelachal Ispat Nigam, invest up to $2 billion in Singapore arm",https://economictimes.indiatimes.com/markets/stocks/news/tata-steel-shares-in-focus-as-firm-set-to-merge-neelachal-ispat-nigam-invest-up-to-2-billion-in-singapore-arm/articleshow/129646314.cms,"Tata Steel shares will be in focus after the company approved the merger of Neelachal Ispat Nigam and a $2 billion investment in its Singapore arm. It also plans to acquire full control of Medica TS Hospital. The moves aim to streamline operations, support global subsidiaries and enhance long-term growth.","Wed, 18 Mar 2026 08:55:43 +0530",sector,economic_times,0.8,https://economictimes.indiatimes.com/markets/stocks/rssfeeds/2146842.cms,2026-03-18T08:36:41.793074
8caa56ca3067cb8fe3bbab243b030091,"Maruti Suzuki shares in focus after receiving income tax notice worth Rs 5,786 crore",https://economictimes.indiatimes.com/markets/stocks/news/maruti-suzuki-shares-in-focus-after-receiving-income-tax-notice-worth-rs-5786-crore/articleshow/129646289.cms,"Maruti Suzuki shares will be in focus after the company received a Rs 5,786 crore income tax notice, though it plans to challenge the order. The stock has declined sharply in recent months despite steady sales growth and strong revenue performance, with mixed trends across segments and modest profit expansion in Q3.","Wed, 18 Mar 2026 08:53:58 +0530",Maruti Suzuki,economic_times,0.8,https://economictimes.indiatimes.com/markets/stocks/rssfeeds/2146842.cms,2026-03-18T08:36:41.793074
ac8f0e7fda529fee8561c1c3135bdfd8,"Eternal among 3 stocks flashing bullish signals, hinting at a possible uptrend",https://economictimes.indiatimes.com/markets/stocks/news/eternal-among-3-stocks-flashing-bullish-signals-hinting-at-a-possible-uptrend/slideshow/129646236.cms,"On March 17, three Nifty200 stocks appeared in the White Marubozu bullish scan. This candlestick pattern reflects strong buying interest throughout the session, signalling improving momentum and potential near-term upside. Traders often monitor such formations to confirm strength in price trends and identify possible continuation of bullish momentum.","Wed, 18 Mar 2026 08:47:39 +0530",sector,economic_times,0.8,https://economictimes.indiatimes.com/markets/stocks/rssfeeds/2146842.cms,2026-03-18T08:36:41.793074
115bc97c15cea0702467fd613ae650eb,"Gold Silver Rate Today Live Updates: Silver falls, gold holds steady as Fed decision keeps traders cautious; Check physical rates in Delhi, Mumbai",https://economictimes.indiatimes.com/markets/stocks/live-blog/gold-rate-silver-price-today-live-updates-mcx-gold-18k-22k-24k-rate-iran-isreal-us-war-latest-news/liveblog/129646032.cms,,"Wed, 18 Mar 2026 08:32:38 +0530",sector,economic_times,0.8,https://economictimes.indiatimes.com/markets/stocks/rssfeeds/2146842.cms,2026-03-18T08:36:41.793074
ab0cee884788b3c78bd92170cfac744d,HDFC Bank Share Price Live Updates: HDFC Bank's Trading Update,https://economictimes.indiatimes.com/markets/stocks/stock-liveblog/hdfc-bank-share-price-live-updates-18-mar-2026/liveblog/129646008.cms,,"Wed, 18 Mar 2026 08:30:21 +0530",sector,economic_times,0.8,https://economictimes.indiatimes.com/markets/stocks/rssfeeds/2146842.cms,2026-03-18T08:36:41.793074
6d92cc3323eea599924522b4937718d9,Urban Company shares soar 9% as SBI MF purchases stake worth Rs 632 crore; 3 investors offload,https://economictimes.indiatimes.com/markets/stocks/news/urban-company-shares-in-focus-as-3-investors-offload-stake-worth-rs-734-crore/articleshow/129645938.cms,"Urban Company share price rose 9% saw a significant jump after SBI Mutual Fund acquired stakes worth over Rs 632 crore. This surge followed the expiry of the lock-in period for pre-IPO shares. Several entities divested their holdings, with two exiting completely. Despite recent losses reported in Q3, the company achieved strong revenue growth.","Wed, 18 Mar 2026 08:24:46 +0530",sector,economic_times,0.8,https://economictimes.indiatimes.com/markets/stocks/rssfeeds/2146842.cms,2026-03-18T08:36:41.793074
02de54233d489c76afaef7fc8f22a768,Hindalco among 6 stocks showing bullish RSI upswing,https://economictimes.indiatimes.com/markets/stocks/news/hindalco-among-6-stocks-showing-bullish-rsi-upswing/slideshow/129645856.cms,"On March 17, six Nifty200 stocks appeared in the RSI Trending Up scan. Their RSI readings crossed above the 50 mark from lower levels, indicating strengthening price momentum. Traders often monitor this indicator to identify improving sentiment and potential bullish continuation opportunities in these counters within the broader market.","Wed, 18 Mar 2026 08:13:53 +0530",sector,economic_times,0.8,https://economictimes.indiatimes.com/markets/stocks/rssfeeds/2146842.cms,2026-03-18T08:36:41.793074
a56e851afbf57a5db49678dfd619fa79,Axis Bank Share Price Live Updates: Axis Bank  Daily Performance Snapshot,https://economictimes.indiatimes.com/markets/stocks/stock-liveblog/axis-bank-share-price-today-live-updates-18-mar-2026/liveblog/129645732.cms,,"Wed, 18 Mar 2026 08:10:19 +0530",sector,economic_times,0.8,https://economictimes.indiatimes.com/markets/stocks/rssfeeds/2146842.cms,2026-03-18T08:36:41.793074
33dea2d80a17f81811ac6196ee73a3d2,"Stocks to buy in 2026 for long term: Tilaknagar Industries, Eternal among 5 stocks that could give double digit returns",https://economictimes.indiatimes.com/markets/stocks/news/stocks-to-buy-in-2026-for-long-term-tilaknagar-industries-eternal-among-5-stocks-that-could-give-double-digit-returns/slideshow/129645414.cms,We have collated a list of recommendations from top brokerage firms from ETNow and other sources.,"Wed, 18 Mar 2026 07:35:23 +0530",sector,economic_times,0.8,https://economictimes.indiatimes.com/markets/stocks/rssfeeds/2146842.cms,2026-03-18T08:36:41.793074
09b9aeb96457cc4da7acc68f08ca0470,Apsis Aerocom shares list at 39% premium over IPO price on NSE SME platform,https://economictimes.indiatimes.com/markets/stocks/news/apsis-aerocom-shares-to-list-today-gmp-hints-at-strong-listing-pop/articleshow/129645364.cms,"Apsis Aerocom made a strong market debut, listing at a 39% premium on the NSE SME platform. The IPO was subscribed over 129 times, driven by strong retail and NII demand. Robust financial growth and its presence in aerospace and defence manufacturing further boosted investor sentiment and listing gains.","Wed, 18 Mar 2026 07:34:20 +0530",sector,economic_times,0.8,https://economictimes.indiatimes.com/markets/stocks/rssfeeds/2146842.cms,2026-03-18T08:36:41.793074
f219abfa91b9973d613fd2f1e310cb0c,Positive Breakout: These 9 stocks cross above their 200 DMAs,https://economictimes.indiatimes.com/markets/stocks/news/positive-breakout-these-9-stocks-cross-above-their-200-dmas/slideshow/129645484.cms,"As long as the stock is priced above the 200-day SMA on the daily timeframe, it is generally considered to be in an overall uptrend.","Wed, 18 Mar 2026 07:29:42 +0530",sector,economic_times,0.8,https://economictimes.indiatimes.com/markets/stocks/rssfeeds/2146842.cms,2026-03-18T08:36:41.793074
44968cc24a425a271ff34c61db742a5c,"Sensex Today | Nifty 50 | Stock Market Live Updates: Sensex surges over 800 pts, Nifty above 23,800; IT and media stocks rally",https://economictimes.indiatimes.com/markets/stocks/live-blog/bse-sensex-today-nifty50-stock-market-live-updates-gift-nifty-tata-steel-pnb-share-price-18-march-2026/liveblog/129645252.cms,,"Wed, 18 Mar 2026 07:22:44 +0530",sector,economic_times,0.8,https://economictimes.indiatimes.com/markets/stocks/rssfeeds/2146842.cms,2026-03-18T08:36:41.793074
bfcad4350fbe9f828923a000cf523112,Standard Chartered Bank  settles Sebi case over FPI lapses,https://economictimes.indiatimes.com/markets/stocks/news/standard-chartered-bank-settles-sebi-case-over-fpi-lapses/articleshow/129644822.cms,Standard Chartered Bank has settled a case with market regulator Sebi. The bank agreed to pay Rs 57 lakh for alleged lapses as a designated depository participant for foreign portfolio investors. Sebi found failures in monitoring FPI disclosures and reporting changes in beneficial ownership. Delays in processing investor grouping updates were also noted. The settlement resolves multiple compliance issues.,"Wed, 18 Mar 2026 06:24:01 +0530",sector,economic_times,0.8,https://economictimes.indiatimes.com/markets/stocks/rssfeeds/2146842.cms,2026-03-18T08:36:41.793074
ac0658b65affab180e52bf41b4a5ebdd,CFM ARC wins bid for PNB's Gammon debt at 73% haircut,https://economictimes.indiatimes.com/markets/stocks/news/cfm-arc-wins-bid-for-pnbs-gammon-debt-at-73-haircut/articleshow/129644811.cms,"CFM Asset Reconstruction Company has acquired Punjab National Bank's ₹514 crore loan to Gammon India for ₹140 crore. This acquisition gives CFM control over a significant portion of Gammon's legacy non-performing asset, primarily targeting its real estate assets. The deal represents a substantial haircut for PNB, highlighting the challenges in recovering debt from EPC companies.","Wed, 18 Mar 2026 06:21:32 +0530",sector,economic_times,0.8,https://economictimes.indiatimes.com/markets/stocks/rssfeeds/2146842.cms,2026-03-18T08:36:41.793074
2a3076868f629739b92acba4cf71df9d,"Purvah Green pulls the plug on Rs 5,750-cr GVK Energy resolution",https://economictimes.indiatimes.com/markets/stocks/news/purvah-green-pulls-the-plug-on-rs-5750-cr-gvk-energy-resolution/articleshow/129644751.cms,"Purvah Green, an RP Sanjiv Goenka Group company, has withdrawn its ₹5,750 crore bid for GVK Energy, citing uncertainties from the Gulf war. The decision follows a broader trend of cost rationalization and strategic reshaping due to the geopolitical situation. Adani Group had submitted the second-highest offer of ₹5,725 crore.","Wed, 18 Mar 2026 06:10:24 +0530",sector,economic_times,0.8,https://economictimes.indiatimes.com/markets/stocks/rssfeeds/2146842.cms,2026-03-18T08:36:41.793074
f92c67e1198e7f49f64e176ac7e13b32,Svasti Microfinance raises Rs 47.5 crore,https://economictimes.indiatimes.com/markets/stocks/news/svasti-microfinance-raises-rs-47-5-crore/articleshow/129644723.cms,"Adar Poonawalla-backed Svasti Microfinance secured ₹47.5 crore from key investors, including Abler Nordic and Rajiv Dadlani Group. This funding, a mix of equity and debt, will fuel expansion of its loan portfolio, bolster digital infrastructure, and broaden product offerings beyond joint liability loans. Svasti targets ₹1,400 crore in assets under management by March 2027.","Wed, 18 Mar 2026 06:02:37 +0530",sector,economic_times,0.8,https://economictimes.indiatimes.com/markets/stocks/rssfeeds/2146842.cms,2026-03-18T08:36:41.793074
b4c312fd96a2e0204f09aa5c17d16e5b,GIFT Nifty up 70 points; here's the trading setup for today's session,https://economictimes.indiatimes.com/markets/stocks/news/pre-market-action-heres-the-trade-setup-for-todays-session/articleshow/129638093.cms,"Indian equity benchmarks ended higher on Tuesday. Buying momentum supported the market. Analysts see immediate support at 23,400–23,450 and resistance at 23,700–23,750. India VIX declined sharply. Foreign portfolio investors were net sellers, while domestic institutional investors were net buyers. The rupee declined to an all-time low against the US dollar.","Wed, 18 Mar 2026 06:01:00 +0530",sector,economic_times,0.8,https://economictimes.indiatimes.com/markets/stocks/rssfeeds/2146842.cms,2026-03-18T08:36:41.793074
3235b7f3fee3adb0b74a2e7bd2bfb64f,"Stocks in news: Maruti Suzuki, Tata Steel, Varun Beverages, PNB, TCS",https://economictimes.indiatimes.com/markets/stocks/news/stocks-in-news-maruti-suzuki-tata-steel-varun-beverages-pnb-tcs/articleshow/129637992.cms,"Markets saw a second consecutive day of recovery, driven by value buying and stable global cues, with analysts expecting a rebound towards 23,800-24,000. Several companies like Maruti Suzuki, Tata Steel, and TCS were in focus due to significant news, including stake sales, acquisitions, and expansion plans.","Wed, 18 Mar 2026 06:01:00 +0530",Maruti Suzuki,economic_times,0.8,https://economictimes.indiatimes.com/markets/stocks/rssfeeds/2146842.cms,2026-03-18T08:36:41.793074
4f7ebe11be0a01d0b157ecd2f858fdb1,3 investors offload Urban Company shares worth Rs 734 crore,https://economictimes.indiatimes.com/markets/stocks/news/3-investors-offload-urban-company-shares-worth-rs-734-crore/articleshow/129644699.cms,"Major investors offloaded Urban Company shares worth over seven hundred crore rupees. This significant stake sale occurred as the mandatory lock-in period for pre-IPO shares ended. SBI Mutual Fund emerged as a key buyer, acquiring shares valued at more than six hundred crore rupees. The transactions saw a substantial portion of the company's equity change hands.","Wed, 18 Mar 2026 05:55:24 +0530",sector,economic_times,0.8,https://economictimes.indiatimes.com/markets/stocks/rssfeeds/2146842.cms,2026-03-18T08:36:41.793074
93511f401b4b11be1f7d56b927b96cb7,Sebi proposes changes to simplify nomination rules,https://economictimes.indiatimes.com/markets/stocks/news/sebi-proposes-changes-to-simplify-nomination-rules/articleshow/129644669.cms,"Sebi has proposed simplifying nomination rules for demat accounts and mutual fund folios, making it the default option for new investors. This change aims to ease operational challenges, with investors now needing to explicitly opt out. Mandatory nominee information will be limited to name and relationship, with other details becoming optional.","Wed, 18 Mar 2026 05:48:25 +0530",sector,economic_times,0.8,https://economictimes.indiatimes.com/markets/stocks/rssfeeds/2146842.cms,2026-03-18T08:36:41.793074
2f08439cd4c84e75192919334ffb9f8c,Cable &amp; wire stocks fall up to 17% in March on metal price spike,https://economictimes.indiatimes.com/markets/stocks/news/cable-wire-stocks-fall-up-to-17-in-march-on-metal-price-spike/articleshow/129644638.cms,Cable and wire company shares have seen a decline. This is due to a sudden increase in copper and aluminium prices. Investors are reacting to rising input costs. Demand remains steady. Sterlite Technologies is an outlier as it manufactures optical fibre cables. Other companies face higher production costs. Dispatches are slowing as dealers wait for prices to cool.,"Wed, 18 Mar 2026 05:44:54 +0530",sector,economic_times,0.8,https://economictimes.indiatimes.com/markets/stocks/rssfeeds/2146842.cms,2026-03-18T08:36:41.793074
b6fe4c1500caef7adeb84ac3e5e017f8,Liquidity faces a bit of squeeze as Rs 2 lakh crore flows to tax kitty,https://economictimes.indiatimes.com/markets/stocks/news/liquidity-faces-a-bit-of-squeeze-as-rs-2-lakh-crore-flows-to-tax-kitty/articleshow/129644537.cms,"India's banking system liquidity surplus narrowed to ₹75,483 crore due to advance tax outflows and forex market interventions. This pushed money market rates up, prompting the RBI to conduct a repo operation. Economists estimate the RBI sold over $15 billion to support the rupee.","Wed, 18 Mar 2026 05:26:44 +0530",sector,economic_times,0.8,https://economictimes.indiatimes.com/markets/stocks/rssfeeds/2146842.cms,2026-03-18T08:36:41.793074
89d01f79790246fccfa1ae1e18d6fc55,IRDAI holds talks on Public Insurance Registry design,https://economictimes.indiatimes.com/markets/stocks/news/irdai-advances-digital-transformation-in-insurance-with-public-insurance-registry-discussions/articleshow/129644712.cms,"India's insurance regulator, IRDAI, met with industry leaders to discuss the new Public Insurance Registry and Bima Sugam platform. This digital infrastructure aims to boost transparency and consumer protection. The initiative will consolidate insurance data, reduce information gaps, and improve fraud detection. It will cover the entire insurance process from policy to claims, enhancing regulatory oversight and promoting insurance inclusion.","Wed, 18 Mar 2026 01:13:23 +0530",sector,economic_times,0.8,https://economictimes.indiatimes.com/markets/stocks/rssfeeds/2146842.cms,2026-03-18T08:36:41.793074
daf3f4503b272ec90bdd4c472b5bfb59,Fault lines show up in India’s $25 billion private credit market,https://economictimes.indiatimes.com/markets/stocks/news/fault-lines-show-up-in-indias-25-billion-private-credit-market/articleshow/129644730.cms,"Industry executives say a few private credit deals are already showing early signs of stress. Light-touch regulations have meant that unlike banks or non-bank lenders that must periodically disclose their suspect-loans data, lenders in these markets do not need to disclose asset-level performance.","Wed, 18 Mar 2026 00:57:04 +0530",sector,economic_times,0.8,https://economictimes.indiatimes.com/markets/stocks/rssfeeds/2146842.cms,2026-03-18T08:36:41.793074
480853a7ed93190e25e8daf393502adc,Adani Enterprises gets NCLT nod for JAL takeover,https://economictimes.indiatimes.com/markets/stocks/news/adani-enterprises-gets-nclt-nod-for-jal-takeover/articleshow/129644706.cms,"The National Company Law Tribunal has officially sanctioned Adani Enterprises' acquisition of Jaiprakash Associates, marking a historic moment in India’s insolvency landscape. Secured in November 2025, this takeover allows Adani Enterprises to take the helm of the struggling cement and infrastructure firm, setting the stage for a transformative era for Jaiprakash Associates.","Wed, 18 Mar 2026 00:46:08 +0530",sector,economic_times,0.8,https://economictimes.indiatimes.com/markets/stocks/rssfeeds/2146842.cms,2026-03-18T08:36:41.793074
9dafd1972afc3ce52d0117f21f672ec1,SEBI proposes modified nomination norms for Demat and Mutual Fund accounts,https://economictimes.indiatimes.com/markets/stocks/news/sebi-proposes-modified-nomination-norms-for-demat-and-mutual-fund-accounts/articleshow/129636912.cms,"The Securities and Exchange Board of India (SEBI) has issued a consultation paper to modify nomination norms for demat accounts and mutual fund folios, aimed at simplifying investor on-boarding and aligning processes with banking standards.","Tue, 17 Mar 2026 21:22:15 +0530",sector,economic_times,0.8,https://economictimes.indiatimes.com/markets/stocks/rssfeeds/2146842.cms,2026-03-18T08:36:41.793074
8fe85931cf2edaa9d59d792f64342be9,Ahead of Market: 10 things that will decide stock market action on Wednesday,https://economictimes.indiatimes.com/markets/stocks/news/ahead-of-market-10-things-that-will-decide-stock-market-action-on-wednesday/articleshow/129636884.cms,"Nifty 50 and BSE Sensex rose for a second consecutive session, driven by banks, auto, and metal stocks, signaling bullish momentum, while global markets remained steady despite IT stock weakness.","Tue, 17 Mar 2026 21:18:35 +0530",sector,economic_times,0.8,https://economictimes.indiatimes.com/markets/stocks/rssfeeds/2146842.cms,2026-03-18T08:36:41.793074
163979628069046ea00f1a5a417ba717,"Market Trading Guide: SAIL, NTPC Green among 4 top stock recommendations for up to 8% gains on Wednesday",https://economictimes.indiatimes.com/markets/stocks/news/market-trading-guide-sail-ntpc-green-among-4-top-stock-recommendations-for-up-to-8-gains-on-wednesday/slideshow/129636726.cms,"Nifty 50 rose sharply for a second session, driven by banking, auto and metal stocks, signalling bullish momentum. Analysts highlighted breakout patterns and recommended SAIL, MCX, NTPC Green and Aeroflex Industries.","Tue, 17 Mar 2026 21:02:06 +0530",sector,economic_times,0.8,https://economictimes.indiatimes.com/markets/stocks/rssfeeds/2146842.cms,2026-03-18T08:36:41.793074
983ab0a270b937a411fec924653c927e,Jindal Poly among 4 stocks that hit 52-week highs &amp; rallied up to 95% in a month,https://economictimes.indiatimes.com/markets/stocks/news/jindal-poly-among-4-stocks-that-hit-52-week-highs-amp-rallied-up-to-95-in-a-month/slideshow/129634088.cms,"The Sensex surged 568 points to close at 76,070 on Tuesday, driving a broader market rally. Four BSE 1000 stocks—Jindal Poly Films, Acutaas Chemicals, Vardhman Textiles and Ipca Laboratories—hit 52-week highs, signaling bullish momentum and potential gains ahead.","Tue, 17 Mar 2026 18:52:16 +0530",sector,economic_times,0.8,https://economictimes.indiatimes.com/markets/stocks/rssfeeds/2146842.cms,2026-03-18T08:36:41.793074
ec8c59444b9374383dc309f9b2389376,"India Glycols announces Rs 7.5/share dividend. Check smallcap's record date, dividend yield",https://economictimes.indiatimes.com/markets/stocks/news/india-glycols-announces-rs-7-5/share-dividend-check-smallcaps-record-date-dividend-yield/articleshow/129633370.cms,"India Glycols declared an interim dividend of Rs 7.5 per share for FY2025-26, with March 23 set as the record date. According to Trendlyne, the company has issued 23 dividends so far. Over the past year, it paid Rs 5 per share, translating to a dividend yield of 0.59% at the current stock price.","Tue, 17 Mar 2026 18:20:36 +0530",sector,economic_times,0.8,https://economictimes.indiatimes.com/markets/stocks/rssfeeds/2146842.cms,2026-03-18T08:36:41.793074
c0d31d4bfecbd12dee270dc63fe26a46,"Commodity Radar: Crude oil futures jump over 4% on MCX. Religare analyst sees 13% upside, suggests initiating long positions",https://economictimes.indiatimes.com/markets/stocks/news/commodity-radar-crude-oil-futures-jump-over-4-on-mcx-religare-analyst-sees-13-upside-suggests-initiating-long-positions/articleshow/129629465.cms,"Crude oil prices surged over 4% on MCX as geopolitical tensions in the Middle East disrupted supply expectations. Analysts expect continued volatility but maintain a bullish outlook, citing tight supply conditions. Religare suggests initiating long positions, with potential upside driven by sustained disruption in the Strait of Hormuz.","Tue, 17 Mar 2026 15:34:22 +0530",sector,economic_times,0.8,https://economictimes.indiatimes.com/markets/stocks/rssfeeds/2146842.cms,2026-03-18T08:36:41.793074
8cea354dd6164725034e166bc5e85d3f,10 large-cap stocks deliver record quarterly profits over 10 quarters,https://economictimes.indiatimes.com/markets/stocks/news/10-large-cap-stocks-deliver-record-quarterly-profits-over-10-quarters/slideshow/129629712.cms,10 companies in the NSE large-cap segment reported December 2025 quarterly profits that were at least 15% higher than their previous peak profits over the past ten quarters.​,"Tue, 17 Mar 2026 15:30:46 +0530",sector,economic_times,0.8,https://economictimes.indiatimes.com/markets/stocks/rssfeeds/2146842.cms,2026-03-18T08:36:41.793074
074550b73d98a25064feed0c5ad931b7,"From 29,300 to 24,900: Nomura slashes Nifty target, says another 5% correction possible! Here’s why",https://economictimes.indiatimes.com/markets/stocks/news/from-29300-to-24900-nomura-slashes-nifty-target-says-another-5-correction-possible-heres-why/articleshow/129628211.cms,"Nomura has cut its Nifty target by 15% to 24,900, warning of a further 5% downside amid geopolitical tensions, rising oil prices and weakening flows. The brokerage sees risks to earnings and valuations, though it believes deeper corrections could create long-term buying opportunities for investors.","Tue, 17 Mar 2026 14:19:29 +0530",sector,economic_times,0.8,https://economictimes.indiatimes.com/markets/stocks/rssfeeds/2146842.cms,2026-03-18T08:36:41.793074
83a6e64394c2816cb0220c285b2754d8,"Goldman Sachs cuts India's growth forecast to 6.4% for FY27, sees Re sliding to 95; Santanu Sengupta on the full outlook",https://economictimes.indiatimes.com/markets/expert-view/goldman-sachs-cuts-indias-growth-forecast-to-6-4-for-fy27-sees-re-sliding-to-95-santanu-sengupta-on-the-full-outlook/articleshow/129651018.cms,"Goldman Sachs has lowered India's growth forecast by 0.5%. The West Asia conflict is creating a unique oil shock. This impacts India's exports, energy imports, and remittances simultaneously. The rupee may weaken to 95 against the dollar within a year. Government fiscal policy will absorb domestic shocks. The external account faces challenges.","Wed, 18 Mar 2026 13:42:59 +0530",sector,economic_times,0.8,https://economictimes.indiatimes.com/markets/rssfeeds/1977021501.cms,2026-03-18T08:36:43.099363
968b28bbbfda161b744482918bfc1204,"Godrej Properties acquires 20-acre land in Bengaluru, aims Rs 1,350 cr revenue from housing project",https://economictimes.indiatimes.com/markets/digital-real-estate/realty-news/godrej-properties-acquires-20-acre-land-in-bengaluru-aims-rs-1350-cr-revenue-from-housing-project/articleshow/129650950.cms,"Realty firm Godrej Properties Ltd has acquired 20 acres in Bengaluru to develop a housing project with an estimated revenue of Rs 1,350 crore.","Wed, 18 Mar 2026 13:37:26 +0530",sector,economic_times,0.8,https://economictimes.indiatimes.com/markets/rssfeeds/1977021501.cms,2026-03-18T08:36:43.099363
89770a05ad1432ed9c7a82328403c6a8,"Global Markets | Nikkei ends nearly 3% higher as AI, chip stocks rally",https://economictimes.indiatimes.com/markets/us-stocks/news/global-markets-nikkei-ends-nearly-3-higher-as-ai-chip-stocks-rally/articleshow/129650766.cms,"Japan's Nikkei share ​average ended nearly 3% higher on ​Wednesday, led by chip and artificial intelligence-related stocks, as ​concerns over the economic impact of surging oil prices subsided.","Wed, 18 Mar 2026 13:29:21 +0530",sector,economic_times,0.8,https://economictimes.indiatimes.com/markets/rssfeeds/1977021501.cms,2026-03-18T08:36:43.099363
100fcb0153064fbb08e04ed4c4f9b53c,Manishi Raychaudhuri sees earnings revival as key for FII comeback in India,https://economictimes.indiatimes.com/markets/expert-view/manishi-raychaudhuri-sees-earnings-revival-as-key-for-fii-comeback-in-india/articleshow/129650344.cms,"Foreign investors are favoring other emerging markets due to stronger growth and lower geopolitical risks, despite India's moderating valuations. While domestic investors benefit from financialization, a lack of supportive earnings and a need for sustained fiscal stimulus are key concerns for India's market outlook.","Wed, 18 Mar 2026 13:04:32 +0530",sector,economic_times,0.8,https://economictimes.indiatimes.com/markets/rssfeeds/1977021501.cms,2026-03-18T08:36:43.099363
b8c99c6a363e2d0651070f35b9a74432,NSE said to set modest fee for its $2.5 billion India IPO,https://economictimes.indiatimes.com/markets/ipos/fpos/nse-said-to-set-modest-fee-for-its-2-5-billion-india-ipo/articleshow/129650306.cms,"The National Stock Exchange of India is setting a modest advisory fee of around 0.65% for its upcoming IPO, potentially totaling $16.25 million. This contrasts sharply with higher averages paid by other companies, reflecting a trend of cost control in quasi-sovereign deals.  Key banks have been appointed for the significant listing.","Wed, 18 Mar 2026 13:02:04 +0530",sector,economic_times,0.8,https://economictimes.indiatimes.com/markets/rssfeeds/1977021501.cms,2026-03-18T08:36:43.099363
22eddf008a6029e89f789bb879b478de,Bitcoin trades near $74K supported by short liquidations and derivatives positioning,https://economictimes.indiatimes.com/markets/cryptocurrency/bitcoin-trades-near-74k-supported-by-short-liquidations-and-derivatives-positioning/articleshow/129649936.cms,"Bitcoin hovers around $74,000, buoyed by short liquidations and derivatives. Major cryptocurrencies like Ethereum and altcoins are also seeing gains. Traders are paying to maintain long positions above $73,000. All eyes are now on Federal Reserve Chair Jerome Powell's upcoming speech. The global crypto market capitalization has increased. Investors are watching for potential breakouts.","Wed, 18 Mar 2026 12:51:38 +0530",sector,economic_times,0.8,https://economictimes.indiatimes.com/markets/rssfeeds/1977021501.cms,2026-03-18T08:36:43.099363
faa8826e205a6c50b3877bc3442850a4,"RIL appoints 17 bankers for a potential Rs 40,000 crore Jio Platforms IPO",https://economictimes.indiatimes.com/markets/ipos/fpos/mukesh-ambani-ril-appoints-17-bankers-for-a-potential-rs-40000-crore-jio-platforms-ipo/articleshow/129649864.cms,"Jio Platforms has appointed 17 global and domestic investment banks, including Goldman Sachs and Morgan Stanley, to begin work on its mega IPO. With valuation estimates near $180 billion, even a 2.5% float could become India’s largest-ever public offering.","Wed, 18 Mar 2026 12:44:51 +0530",sector,economic_times,0.8,https://economictimes.indiatimes.com/markets/rssfeeds/1977021501.cms,2026-03-18T08:36:43.099363
f4af9578d83b3c48aecd62aeb82f57ce,Goldman warns of rupee at 95; pressure builds on RBI,https://economictimes.indiatimes.com/markets/forex/goldman-warns-of-rupee-at-95-pressure-builds-on-rbi/articleshow/129649786.cms,"Goldman Sachs predicts the Indian rupee could weaken to 95 against the dollar within a year due to the Iran conflict's impact. While inflation is currently stable, rising oil prices and a depreciating rupee might force the Reserve Bank of India to tighten monetary policy later.","Wed, 18 Mar 2026 12:36:35 +0530",sector,economic_times,0.8,https://economictimes.indiatimes.com/markets/rssfeeds/1977021501.cms,2026-03-18T08:36:43.099363
d4fef9636bfadfb854cc64b913545bfd,"Global Markets | Australian shares end at one-week high as miners, energy stocks gain",https://economictimes.indiatimes.com/markets/us-stocks/news/global-markets-australian-shares-end-at-one-week-high-as-miners-energy-stocks-gain/articleshow/129649633.cms,"Australian shares closed higher, marking a weekly peak, as mining stocks rallied. Investor sentiment remained cautious following the Reserve Bank of Australia's recent rate hike and warnings about inflation. Markets are now split on the likelihood of further rate increases, with upcoming employment data eyed closely. Major companies like BHP and Woodside announced new leadership.","Wed, 18 Mar 2026 12:28:04 +0530",sector,economic_times,0.8,https://economictimes.indiatimes.com/markets/rssfeeds/1977021501.cms,2026-03-18T08:36:43.099363
263a0b416e754f2c49907d98dd9486ce,Dipan Mehta urges caution despite early signs of market rebound,https://economictimes.indiatimes.com/markets/expert-view/dipan-mehta-urges-caution-despite-early-signs-of-market-rebound/articleshow/129648796.cms,"Markets show a tentative rebound, but sustainability hinges on external factors like oil prices and news flow. Experts caution against definitive bottom calls, emphasizing structural shifts for a sustained uptrend. Sector-specific insights reveal resilience in pharma, long-term potential in auto, and a shift towards cash flow discipline in real estate.","Wed, 18 Mar 2026 11:46:10 +0530",sector,economic_times,0.8,https://economictimes.indiatimes.com/markets/rssfeeds/1977021501.cms,2026-03-18T08:36:43.099363
ed42ae6f240e134a7322974b64a7b687,"US Stock Market | US stocks flash strong buy signal as sentiment resets, strategists turn optimistic",https://economictimes.indiatimes.com/markets/us-stocks/news/us-stock-market-us-stocks-flash-strong-buy-signal-as-sentiment-resets-strategists-turn-optimistic/articleshow/129648125.cms,"US stocks might be at a turning point. A key indicator from Barclays suggests a good time to buy. This signal has historically led to market rebounds. Investor sentiment has cooled, and positioning is light. Major Wall Street firms are also becoming more positive. This could lead to a potential stock market recovery.","Wed, 18 Mar 2026 11:05:03 +0530",sector,economic_times,0.8,https://economictimes.indiatimes.com/markets/rssfeeds/1977021501.cms,2026-03-18T08:36:43.099363
2b31a4bf2fdb37831582f9f8d8719332,"Buy L&amp;T, PSU banks, and metals now; chemicals and EMS also attractive after correction: Sudip Bandyopadhyay",https://economictimes.indiatimes.com/markets/expert-view/buy-lt-psu-banks-and-metals-now-chemicals-and-ems-also-attractive-after-correction-sudip-bandyopadhyay/articleshow/129647834.cms,"Market expert Sudip Bandyopadhyay sees current market dips as buying chances. He recommends L&amp;T for its future order potential. PSU banks like SBI are strong long-term holds. Chemicals and agrochemicals are poised for growth despite headwinds. EMS sector benefits from policy changes. Metals, especially aluminium producers, are strong. KEI Industries requires patience. Investors can find opportunities in these sectors.","Wed, 18 Mar 2026 11:01:34 +0530",sector,economic_times,0.8,https://economictimes.indiatimes.com/markets/rssfeeds/1977021501.cms,2026-03-18T08:36:43.099363
a30a0254d29147d27199a81e5e57bc3f,US Stock Market | Sticky inflation to keep rate cuts at bay: Andrew Freris,https://economictimes.indiatimes.com/markets/us-stocks/news/us-stock-market-sticky-inflation-to-keep-rate-cuts-at-bay-andrew-freris/articleshow/129647655.cms,"Geopolitical tensions and volatile commodity markets are forcing investors to rethink traditional strategies, shifting focus from returns to resilience. Experts predict prolonged conflicts will drive structural changes in energy markets and favor defence stocks, while central banks remain cautious due to persistent inflation, limiting interest rate cuts.","Wed, 18 Mar 2026 10:31:56 +0530",sector,economic_times,0.8,https://economictimes.indiatimes.com/markets/rssfeeds/1977021501.cms,2026-03-18T08:36:43.099363
83c24bdedb91da3791673ebdeedd6c71,"SBI mobilises Rs 6,051 crore from Tier II bonds to fund biz growth",https://economictimes.indiatimes.com/markets/bonds/sbi-mobilises-rs-6051-crore-from-tier-ii-bonds-to-fund-biz-growth/articleshow/129647107.cms,"The State Bank of India has achieved a remarkable feat by raising Rs 6,051 crore through its latest venture of issuing Tier II bonds compliant with Basel III standards. Boasting a competitive coupon rate of 7.05 percent, these funds are set to fuel the bank's ongoing growth initiatives.","Wed, 18 Mar 2026 09:55:15 +0530",sector,economic_times,0.8,https://economictimes.indiatimes.com/markets/rssfeeds/1977021501.cms,2026-03-18T08:36:43.099363
9162785d23625f5c8708f67234ba9aee,"GSP Crop Science IPO Day 3: NIL GMP, but NII subscription strong. Can it deliver gains on listing day? Check subscription status and highlights",https://economictimes.indiatimes.com/markets/ipos/fpos/gsp-crop-science-ipo-day-3-gmp-subscription-status-and-key-highlights/articleshow/129647104.cms,"GSP Crop Science IPO GMP: The Rs 400 crore GSP Crop Science IPO enters its final day with 96% subscription, led by strong NII demand while retail interest remains muted. With GMP at zero, listing expectations remain subdued.","Wed, 18 Mar 2026 09:54:50 +0530",sector,economic_times,0.8,https://economictimes.indiatimes.com/markets/rssfeeds/1977021501.cms,2026-03-18T08:36:43.099363
ab4b83a1630c47b347a942ed1c11167c,Rupee falls 3 paise to 92.43 against US dollar in early trade,https://economictimes.indiatimes.com/markets/forex/forex-news/rupee-falls-3-paise-to-92-43-against-us-dollar-in-early-trade/articleshow/129647029.cms,The Indian rupee opened at 92.42 against the US dollar on Wednesday. A plunge in global crude oil prices and positive opening at domestic equity markets prevented a sharper decline in the rupee.,"Wed, 18 Mar 2026 09:49:08 +0530",sector,economic_times,0.8,https://economictimes.indiatimes.com/markets/rssfeeds/1977021501.cms,2026-03-18T08:36:43.099363
e305185a64498defe39811fdef1e5483,Global Market | Yuan rally pushes Chinese firms to record FX hedging levels,https://economictimes.indiatimes.com/markets/us-stocks/news/global-market-yuan-rally-pushes-chinese-firms-to-record-fx-hedging-levels/articleshow/129646925.cms,"Chinese companies are increasingly using foreign-exchange derivatives to hedge against a strengthening yuan, which threatens export earnings. Net outstanding forward settlement contracts reached a record $107 billion as the yuan appreciated significantly. This surge in hedging reflects a shift in currency dynamics, but increased dollar settlement positions expose companies to potential losses amid global uncertainty.","Wed, 18 Mar 2026 09:47:30 +0530",sector,economic_times,0.8,https://economictimes.indiatimes.com/markets/rssfeeds/1977021501.cms,2026-03-18T08:36:43.099363
5f0a44663879459872396d24d4091e53,"Crude price above $100 could dent India's earnings growth from Q1 FY27, warns Axis Securities",https://economictimes.indiatimes.com/markets/expert-view/crude-price-above-100-could-dent-indias-earnings-growth-from-q1-fy27-warns-axis-securities/articleshow/129646944.cms,"India's equity markets face a critical juncture as crude oil prices approach $100 per barrel. Axis Securities advises investors to hold positions and selectively add quality stocks, warning that sustained high crude could lead to earnings cuts from Q1 FY27. The firm highlights the economy's strong fundamentals but identifies crude oil as the primary near-term risk.","Wed, 18 Mar 2026 09:46:52 +0530",sector,economic_times,0.8,https://economictimes.indiatimes.com/markets/rssfeeds/1977021501.cms,2026-03-18T08:36:43.099363
d0efa69797bb9ebadbcd95f4e10db97d,"Silver drops Rs 2,000, gold little changed as traders enter wait and watch mode ahead of US Fed meet; key levels for today",https://economictimes.indiatimes.com/markets/commodities/news/gold-silver-prices-today-in-delhi-chennai-mumbai-and-hyderabad-on-18-march-2026-silver-drops-rs-2000-gold-little-changed-as-traders-enter-wait-and-watch-mode-ahead-of-us-fed-meet/articleshow/129646800.cms,"Gold and silver prices edged lower on March 18, 2026  as investors adopted a cautious stance ahead of the US Federal Reserve policy decision. While gold remained largely steady, silver declined nearly Rs 2,000. Analysts expect continued volatility, with key support and resistance levels guiding near-term trading strategies for both metals.","Wed, 18 Mar 2026 09:33:24 +0530",sector,economic_times,0.8,https://economictimes.indiatimes.com/markets/rssfeeds/1977021501.cms,2026-03-18T08:36:43.099363
13fc2328e4f7603c13f0cdbb89aeaf73,"Global Market | Japan exports extend growth streak, but oil price risks cloud outlook",https://economictimes.indiatimes.com/markets/us-stocks/news/global-market-japan-exports-extend-growth-streak-but-oil-price-risks-cloud-outlook/articleshow/129646736.cms,"Japan's exports saw a robust 4.2% year-on-year rise in February, defying expectations and signaling continued global demand. Despite a dip in shipments to the US and China, regional Asian markets showed resilience. However, surging energy costs due to Middle East tensions pose a significant risk, potentially impacting inflation and the nation's trade balance.","Wed, 18 Mar 2026 09:33:16 +0530",sector,economic_times,0.8,https://economictimes.indiatimes.com/markets/rssfeeds/1977021501.cms,2026-03-18T08:36:43.099363
388690dd7f3e986844b77e98485dca02,US Stock Market | Fed seen holding rates amid war-driven inflation risks and slowing growth,https://economictimes.indiatimes.com/markets/us-stocks/news/us-stock-market-fed-seen-holding-rates-amid-war-driven-inflation-risks-and-slowing-growth/articleshow/129646604.cms,"The US Federal Reserve is poised to hold interest rates steady amid escalating Middle East tensions, which are disrupting oil markets and supply chains. This geopolitical uncertainty complicates the Fed's balancing act between controlling persistent inflation and supporting a weakening economy. Investors will closely watch updated economic projections for signs of further deterioration.","Wed, 18 Mar 2026 09:23:27 +0530",sector,economic_times,0.8,https://economictimes.indiatimes.com/markets/rssfeeds/1977021501.cms,2026-03-18T08:36:43.099363
357bd2b814bd3681d9cbb814cfb0ad01,"ETMarkets PMS Talk | Hidden gems lie in unloved sectors; contra opportunities emerging in pharma, auto ancillaries, select IT: ArunaGiri",https://economictimes.indiatimes.com/markets/expert-view/etmarkets-pms-talk-hidden-gems-lie-in-unloved-sectors-contra-opportunities-emerging-in-pharma-auto-ancillaries-select-it-arunagiri/articleshow/129628264.cms,"Seasoned investors are finding attractive opportunities in overlooked sectors like pharma, auto ancillaries, and select IT, where temporary headwinds have created valuation gaps. TrustLine Holdings' Founder &amp; CEO, N. ArunaGiri, emphasizes a disciplined, bottom-up value investing approach, highlighting the importance of margin of safety and identifying high-quality small-cap businesses at a discount for long-term wealth creation.","Wed, 18 Mar 2026 09:00:00 +0530",sector,economic_times,0.8,https://economictimes.indiatimes.com/markets/rssfeeds/1977021501.cms,2026-03-18T08:36:43.099363
07781c1b4a831430faafab0be12003e5,"ETMarkets Smart Talk | Underweight midcaps, long bonds, US tech; focus on diversification in volatile markets: 360 ONE Wealth’s Sahil Kapoor",https://economictimes.indiatimes.com/markets/expert-view/etmarkets-smart-talk-underweight-midcaps-long-bonds-us-tech-focus-on-diversification-in-volatile-markets-360-one-wealths-sahil-kapoor/articleshow/129628171.cms,"Amid global uncertainty, investors are advised to rethink portfolios with a focus on risk management. While Indian equities show a neutral outlook with earnings nearing a trough, macro risks like rising crude prices and geopolitical tensions persist. Experts suggest staying underweight on midcaps, long-duration bonds, and US tech giants.","Wed, 18 Mar 2026 09:00:00 +0530",sector,economic_times,0.8,https://economictimes.indiatimes.com/markets/rssfeeds/1977021501.cms,2026-03-18T08:36:43.099363
0bad4365651b355e6b1612c900cb9d64,"Global Market | Nikkei jumps nearly 2% as AI, chip stocks rally",https://economictimes.indiatimes.com/markets/us-stocks/news/global-market-nikkei-jumps-nearly-2-as-ai-chip-stocks-rally/articleshow/129645867.cms,"Japan's Nikkei index surged on Wednesday, driven by technology stocks. Investors eased worries about rising oil prices, boosting market sentiment. Advantest and SoftBank Group saw significant gains. Shipping firm Mitsui OSK Lines and Mitsubishi Materials also experienced strong upward movement. Tokyo Electric Power also jumped on investment interest. Chugai Pharm was the sole decliner.","Wed, 18 Mar 2026 08:18:36 +0530",sector,economic_times,0.8,https://economictimes.indiatimes.com/markets/rssfeeds/1977021501.cms,2026-03-18T08:36:43.099363
d203118206472b03c5e485794c608809,Oil Price Today (March 18): Crude oil dips over 1% despite Iran war entering day 19. Here are two reasons why,https://economictimes.indiatimes.com/markets/commodities/news/oil-price-today-march-18-crude-oil-dips-over-1-despite-iran-war-entering-day-19-here-are-two-reasons-why/articleshow/129645515.cms,"Oil prices dipped Wednesday following a rise in US crude inventories. However, ongoing geopolitical tensions, particularly concerning the Strait of Hormuz, suggest prices may climb. Experts predict Brent crude could reach $120 or even $150 per barrel if the conflict persists.  This could impact global economies and prompt policy intervention.","Wed, 18 Mar 2026 07:50:14 +0530",sector,economic_times,0.8,https://economictimes.indiatimes.com/markets/rssfeeds/1977021501.cms,2026-03-18T08:36:43.099363
