chunk_id,article_id,chunk_text,chunk_index,chunk_words,source,source_quality,published_at,company_tags,data_type,processed_at,prob_positive,prob_neutral,prob_negative,weighted_sentiment,sentiment_score,sentiment_label
83a132ef86609d3f8ae719a86c7834b8,e936e49b0a80374ac1b79921f807dbf7,"Nomura trims target price on this Tata Group stock, still sees nearly 30 upside. Do you hold?. Brokerage Nomura maintains a Buy rating on Indian Hotels Company Ltd. The target price is now Rs 800, a slight reduction. Nomura anticipates a limited impact in the fourth quarter of fiscal year 2026. Conditions are expected to normalize over the next two to three months. This outlook supports a positive medium-term view on the company.",0,73,economic_times,0.8,"Wed, 18 Mar 2026 13:43:32 +0530",sector,news,2026-03-18T08:36:45.431047,0.9261,0.0348,0.0392,0.8869,9.43,positive
4d4cd0f7b832c3f54b9318f21c2c832c,2e3a365bbf5118822f3236199d942eee,"Spicejet shares fall 3 , IndiGo erases morning gains after DGCA mandates 60 free seat selection. Airlines IndiGo and Spicejet saw their share prices dip after the DGCA mandated that at least 60 of flight seats must be offered without selection charges. This passenger-friendly directive also requires airlines to seat passengers on the same PNR together and transparently display passenger rights, especially during disruptions.",0,64,economic_times,0.8,"Wed, 18 Mar 2026 13:42:42 +0530",sector,news,2026-03-18T08:36:45.431047,0.0109,0.0166,0.9725,-0.9616,0.19,negative
e8db203e9468edbe13e49976be9bec53,d2fc22c3e2a70b417dc2cd16140d0975,"Iran-Israel war, pricey valuations drag metals, stocks plunge up to 15 since conflict began. Buy or sell 2025 s top sector?. Metal stocks, once among 2025 s top performers, have slipped up to 15 since the Iran Israel US conflict began on February 27. Despite showing resilience versus other sectors, high valuations and global risk-off sentiment are weighing on the space, leaving metals vulnerable to a deeper correction amid elevated macro uncertainty.",0,72,economic_times,0.8,"Wed, 18 Mar 2026 13:41:14 +0530",sector,news,2026-03-18T08:36:45.431047,0.0112,0.0174,0.9713,-0.9601,0.2,negative
9e450eb31648c88a38cca2261d6981b0,14d296e63b76d6de29325c57a09741cb,"Dhurandhar effect: PVR Inox shares jump 6 in three days; will Hamza's revenge fire up earnings?. PVR Inox shares have rallied as strong early trends for Dhurandhar: The Revenge raise expectations of a box office blockbuster. Analysts believe the film could significantly boost quarterly earnings, with robust advance bookings and multi-language release supporting higher footfalls and potentially lifting overall industry collections in a weak quarter.",0,65,economic_times,0.8,"Wed, 18 Mar 2026 13:13:21 +0530",sector,news,2026-03-18T08:36:45.431047,0.9509,0.0219,0.0272,0.9237,9.62,positive
8e4dcb7b09819b47cd0f0e052a67fb35,63df8624a0731875c280058b7f50a8aa,"Unique Picks: 10 stocks held by only one MF scheme in February; 4 jumped up to 140 . ETMarkets identified 24 stocks held exclusively by single mutual fund schemes, most declining sharply in FY26, while a few delivered strong gains, highlighting concentrated ownership risks and divergent performance trends.",0,48,economic_times,0.8,"Wed, 18 Mar 2026 12:59:00 +0530",sector,news,2026-03-18T08:36:45.431047,0.0195,0.0228,0.9577,-0.9383,0.31,negative
f7c6edd5f7b6a15e0e68ad4f6af39646,10f60dacfbd0f11104e569b8afba8f8b,"US Fed outcome today amid Iran war: What to expect and what it means for Indian markets. The US Federal Reserve is expected to hold rates amid rising uncertainty from the Iran conflict and mixed economic signals. Markets will closely track the Fed s commentary for cues on rate cuts. Indian equities may react to global liquidity trends, crude oil movement and potential FII flows influenced by US policy signals.",0,70,economic_times,0.8,"Wed, 18 Mar 2026 11:20:46 +0530",sector,news,2026-03-18T08:36:45.431047,0.1581,0.3199,0.5219,-0.3638,3.18,negative
13513e029ea41dc65b371b10e73aa740,b03698cf61d5abc826ca298e23fc9ea7,"Adani Power shares fall 2 , snap two-day gaining streak. Here is why. Adani Power shares declined after a recent rally as investors booked profits despite strong momentum in power stocks. The company continues to secure long-term power supply agreements and expand capacity. However, recent quarterly results showed a decline in profit and revenue, even as management remains optimistic about growth and execution.",0,63,economic_times,0.8,"Wed, 18 Mar 2026 11:13:43 +0530",sector,news,2026-03-18T08:36:45.431047,0.0115,0.0148,0.9737,-0.9623,0.19,negative
9773b7641a6d80feb4ddf9589baa3c85,a7e4f4a5c4f0deb7a2d32b5d2f0db3ee,"Hexaware Tech shares jump 5 on launch of Agentverse AI platform. Shares of Hexaware Technologies rose sharply after the launch of Agentverse, an enterprise AI platform with 600 agents. The offering aims to help companies move from AI pilots to full-scale deployment, driving productivity gains, faster response times, cost efficiencies, and improved customer experience.",0,54,economic_times,0.8,"Wed, 18 Mar 2026 11:07:17 +0530",sector,news,2026-03-18T08:36:45.431047,0.9543,0.0272,0.0185,0.9358,9.68,positive
e05f66a1fe79185cb107ae7098447908,3546558d1f0ab5eaff0f4542ff2b8f07,"War, Energy, and the Euro: The conflict that could test Europe s economy again. Rising tensions between the U.S. and Iran could reshape global markets, with energy disruption emerging as the biggest risk. Europe, still vulnerable after the Russia Ukraine crisis, faces renewed pressure from potential LNG shortages, higher inflation, and slower growth, while the euro may weaken further amid escalating geopolitical and economic uncertainty.",0,65,economic_times,0.8,"Wed, 18 Mar 2026 10:36:24 +0530",sector,news,2026-03-18T08:36:45.431047,0.0246,0.0235,0.9519,-0.9274,0.36,negative
67135eae6d0b7321d7338a39810e88b7,0bbe24481489c15c106b24bc8e040b49,"Rs 7 lakh crore added! Sensex jumps over 800 pts, Nifty reclaims 23,800 mark; 4 factors behind today's surge. Indian stock markets surged for a third consecutive session, with the Sensex and Nifty 50 climbing significantly. This rally was driven by easing oil prices, positive global market sentiment, and declining bond yields. Investors are also engaging in value buying after a recent selloff.",0,63,economic_times,0.8,"Wed, 18 Mar 2026 10:12:34 +0530",sector,news,2026-03-18T08:36:45.431047,0.9154,0.0231,0.0615,0.8539,9.27,positive
0fa159aa58883e2673c74e0f01083363,3538ba6640e671bfd9bd02143f0bd7eb,"Stock Market Holiday 2026: Will NSE amp; BSE be closed on Ugadi, Gudi Padwa and Eid-Ul-Fitr?. NSE Holidays 2026: Indian stock markets will operate without holidays this week, including during Ugadi, Gudi Padwa, and Eid-Ul-Fitr. Further closures are planned for Shri Ram Navami and Shri Mahavir Jayanti in March. April will see market holidays for Good Friday and Dr. Baba Saheb Ambedkar Jayanti. Investors should note these trading days. The exchanges may adjust the schedule.",0,75,economic_times,0.8,"Wed, 18 Mar 2026 10:10:49 +0530",sector,news,2026-03-18T08:36:45.431047,0.0146,0.72,0.2654,-0.2509,3.75,neutral
65e1df3227c4407a1b1e0b75cc987101,d386c82ec9bbaa163a7bc6dd0e59ba29,"TCS, Infosys, Wipro and other IT stocks soar up to 4 . Here s what s triggering the surge. IT stocks rallied up to 4 on Wednesday after CLSA retained its Outperform rating on key names, easing concerns around AI-led disruption that had sparked a sharp selloff last month. Coforge and Persistent led gains, rising over 4 each, while TCS, LTIMindtree, HCL Tech, Tech Mahindra and Wipro also posted strong advances.",0,71,economic_times,0.8,"Wed, 18 Mar 2026 10:05:31 +0530",Mahindra,news,2026-03-18T08:36:45.431047,0.9482,0.028,0.0238,0.9245,9.62,positive
0fb9bfc47d67d09cc9e9d74de11349e8,ef41da9ba65c2219e97429ccb58d2216,"IT stocks face fresh AI worries; is more correction ahead?. Indian IT stocks are experiencing a significant correction, driven by fears of AI automation impacting outsourcing demand, amplified by Nvidia's AI chip announcements. Analysts, however, see current valuations as reflecting pessimism, creating selective buying opportunities amidst evolving AI adoption and potential US economic headwinds.",0,54,economic_times,0.8,"Wed, 18 Mar 2026 09:48:47 +0530",sector,news,2026-03-18T08:36:45.431047,0.0408,0.0107,0.9486,-0.9078,0.46,negative
6394fb58e021f8139b74aac3a1eb4585,a6dc4bbd5fce506ba74c24d40c3571d9,"200 crude oil scenario: How Reliance Industries, ONGC amp; OMCs stack up. Global oil prices are soaring, threatening India's import-reliant economy. A potential 200 per barrel scenario looms, impacting refiners and oil marketing companies severely. While Reliance Industries shows resilience, upstream players like ONGC face price caps. Gas companies grapple with supply route disruptions, potentially affecting industrial users and CNG availability.",0,61,economic_times,0.8,"Wed, 18 Mar 2026 09:29:07 +0530",sector,news,2026-03-18T08:36:45.431047,0.0101,0.0232,0.9667,-0.9565,0.22,negative
1f66adba4472112a884fc61566322356,972388ae39a8fc84d97854202364e0b0,"Sensex rises over 500 points, Nifty opens above 23,700 as investors cheer easing oil prices. Indian stock markets extended gains for a third consecutive session, with the Sensex and Nifty 50 opening higher. Easing oil prices, following an agreement to resume exports from Turkey's Ceyhan port, and a decline in US bond yields boosted investor sentiment. Global markets also showed positive movement, though geopolitical tensions in the Middle East persist.",0,70,economic_times,0.8,"Wed, 18 Mar 2026 09:26:47 +0530",sector,news,2026-03-18T08:36:45.432656,0.9481,0.0238,0.028,0.9201,9.6,positive
6d021d6ac75d93058c7619b92dc665cb,edd035c8f01506a34dc1ddb9c65782c6,"Iran war: Adani Power, Hatsun Agro among 10 stocks that surged up to 40 since conflict began. Amidst geopolitical tensions and market corrections, select Indian stocks have surged significantly. Defence, jewellery, digital infrastructure, and energy sectors have shown robust performance, with companies like Swan Defence, Bluestone Jewellery, Sterlite Technologies, and Adani Power leading the gains. Resilience in banking and consumption stocks also highlights selective investor interest in stable businesses.",0,69,economic_times,0.8,"Wed, 18 Mar 2026 09:16:11 +0530",sector,news,2026-03-18T08:36:45.432656,0.9495,0.0346,0.0159,0.9335,9.67,positive
27f3b9e5aeb2eb81bfe556d3add32d8e,242146e36d94c7bc8f952ff79211153b,How to shield your portfolio from Iran war? 5 must use strategies for stock market investors. Indian equities face sharp corrections due to geopolitical tensions. Investors should avoid panic and adopt disciplined strategies. Adjust sector exposure to global risks. Invest gradually in tranches. Rebalance portfolios toward defensives and diversify. Focus on large caps and fundamentally strong companies. Manage risk for future returns.,0,62,economic_times,0.8,"Wed, 18 Mar 2026 09:00:15 +0530",sector,news,2026-03-18T08:36:45.432656,0.2287,0.7558,0.0156,0.2131,6.07,neutral
6dcf81be76fb37c4ef86cd5b77971f2b,79cad28f399899a69bbfeba8d1687b03,"Tata Steel shares in focus as firm set to merge Neelachal Ispat Nigam, invest up to 2 billion in Singapore arm. Tata Steel shares will be in focus after the company approved the merger of Neelachal Ispat Nigam and a 2 billion investment in its Singapore arm. It also plans to acquire full control of Medica TS Hospital. The moves aim to streamline operations, support global subsidiaries and enhance long-term growth.",0,71,economic_times,0.8,"Wed, 18 Mar 2026 08:55:43 +0530",sector,news,2026-03-18T08:36:45.432656,0.7625,0.2286,0.0089,0.7535,8.77,positive
0462262ccc920d2a91ccda9b2e2db6df,8caa56ca3067cb8fe3bbab243b030091,"Maruti Suzuki shares in focus after receiving income tax notice worth Rs 5,786 crore. Maruti Suzuki shares will be in focus after the company received a Rs 5,786 crore income tax notice, though it plans to challenge the order. The stock has declined sharply in recent months despite steady sales growth and strong revenue performance, with mixed trends across segments and modest profit expansion in Q3.",0,66,economic_times,0.8,"Wed, 18 Mar 2026 08:53:58 +0530",Maruti Suzuki,news,2026-03-18T08:36:45.432656,0.0071,0.0183,0.9746,-0.9675,0.16,negative
b28b8b7a6602139bb452f8cec0791c27,ac8f0e7fda529fee8561c1c3135bdfd8,"Eternal among 3 stocks flashing bullish signals, hinting at a possible uptrend. On March 17, three Nifty200 stocks appeared in the White Marubozu bullish scan. This candlestick pattern reflects strong buying interest throughout the session, signalling improving momentum and potential near-term upside. Traders often monitor such formations to confirm strength in price trends and identify possible continuation of bullish momentum.",0,60,economic_times,0.8,"Wed, 18 Mar 2026 08:47:39 +0530",sector,news,2026-03-18T08:36:45.432656,0.9142,0.0494,0.0364,0.8777,9.39,positive
0ef7b5b9f3912bcdc23db537019bf1d5,115bc97c15cea0702467fd613ae650eb,"Gold Silver Rate Today Live Updates: Silver falls, gold holds steady as Fed decision keeps traders cautious; Check physical rates in Delhi, Mumbai.",0,23,economic_times,0.8,"Wed, 18 Mar 2026 08:32:38 +0530",sector,news,2026-03-18T08:36:45.432656,0.0869,0.7799,0.1332,-0.0463,4.77,neutral
61556c18408f8e94d303699f12d3894a,ab0cee884788b3c78bd92170cfac744d,HDFC Bank Share Price Live Updates: HDFC Bank's Trading Update.,0,10,economic_times,0.8,"Wed, 18 Mar 2026 08:30:21 +0530",sector,news,2026-03-18T08:36:45.432656,0.0288,0.9449,0.0262,0.0026,5.01,neutral
adbba72cd998b9350fe7cacac7f8ba57,6d92cc3323eea599924522b4937718d9,"Urban Company shares soar 9 as SBI MF purchases stake worth Rs 632 crore; 3 investors offload. Urban Company share price rose 9 saw a significant jump after SBI Mutual Fund acquired stakes worth over Rs 632 crore. This surge followed the expiry of the lock-in period for pre-IPO shares. Several entities divested their holdings, with two exiting completely. Despite recent losses reported in Q3, the company achieved strong revenue growth.",0,71,economic_times,0.8,"Wed, 18 Mar 2026 08:24:46 +0530",sector,news,2026-03-18T08:36:45.432656,0.9496,0.0228,0.0277,0.9219,9.61,positive
fcc1d7add329863b6964ec9b75eb0d1f,02de54233d489c76afaef7fc8f22a768,"Hindalco among 6 stocks showing bullish RSI upswing. On March 17, six Nifty200 stocks appeared in the RSI Trending Up scan. Their RSI readings crossed above the 50 mark from lower levels, indicating strengthening price momentum. Traders often monitor this indicator to identify improving sentiment and potential bullish continuation opportunities in these counters within the broader market.",0,57,economic_times,0.8,"Wed, 18 Mar 2026 08:13:53 +0530",sector,news,2026-03-18T08:36:45.432656,0.9454,0.0305,0.0241,0.9212,9.61,positive
6f05b4c774db30312e681414e7019cbd,a56e851afbf57a5db49678dfd619fa79,Axis Bank Share Price Live Updates: Axis Bank Daily Performance Snapshot.,0,11,economic_times,0.8,"Wed, 18 Mar 2026 08:10:19 +0530",sector,news,2026-03-18T08:36:45.432656,0.0333,0.9281,0.0386,-0.0053,4.97,neutral
01a079cec015bc954ff99aa39767f360,33dea2d80a17f81811ac6196ee73a3d2,"Stocks to buy in 2026 for long term: Tilaknagar Industries, Eternal among 5 stocks that could give double digit returns. We have collated a list of recommendations from top brokerage firms from ETNow and other sources.",0,36,economic_times,0.8,"Wed, 18 Mar 2026 07:35:23 +0530",sector,news,2026-03-18T08:36:45.432656,0.0678,0.9176,0.0145,0.0533,5.27,neutral
991ca37e91474d26891ea7648af6fc8c,09b9aeb96457cc4da7acc68f08ca0470,"Apsis Aerocom shares list at 39 premium over IPO price on NSE SME platform. Apsis Aerocom made a strong market debut, listing at a 39 premium on the NSE SME platform. The IPO was subscribed over 129 times, driven by strong retail and NII demand. Robust financial growth and its presence in aerospace and defence manufacturing further boosted investor sentiment and listing gains.",0,63,economic_times,0.8,"Wed, 18 Mar 2026 07:34:20 +0530",sector,news,2026-03-18T08:36:45.432656,0.9532,0.0319,0.0149,0.9383,9.69,positive
d98631af220734d7b3bdba83bfc6bd9a,f219abfa91b9973d613fd2f1e310cb0c,"Positive Breakout: These 9 stocks cross above their 200 DMAs. As long as the stock is priced above the 200-day SMA on the daily timeframe, it is generally considered to be in an overall uptrend.",0,35,economic_times,0.8,"Wed, 18 Mar 2026 07:29:42 +0530",sector,news,2026-03-18T08:36:45.432656,0.411,0.3394,0.2496,0.1614,5.81,positive
b68ebcc970f3080a78f6837b778f410a,44968cc24a425a271ff34c61db742a5c,"Sensex Today Nifty 50 Stock Market Live Updates: Sensex surges over 800 pts, Nifty above 23,800; IT and media stocks rally.",0,21,economic_times,0.8,"Wed, 18 Mar 2026 07:22:44 +0530",sector,news,2026-03-18T08:36:45.432656,0.9003,0.038,0.0616,0.8387,9.19,positive
8fa88fe7eb6d6f63aec4f6e3765994ef,bfcad4350fbe9f828923a000cf523112,Standard Chartered Bank settles Sebi case over FPI lapses. Standard Chartered Bank has settled a case with market regulator Sebi. The bank agreed to pay Rs 57 lakh for alleged lapses as a designated depository participant for foreign portfolio investors. Sebi found failures in monitoring FPI disclosures and reporting changes in beneficial ownership. Delays in processing investor grouping updates were also noted. The settlement resolves multiple compliance issues.,0,68,economic_times,0.8,"Wed, 18 Mar 2026 06:24:01 +0530",sector,news,2026-03-18T08:36:45.432656,0.0189,0.0332,0.9479,-0.929,0.35,negative
57d8f29c9121d186a2ee4e51140631c4,ac0658b65affab180e52bf41b4a5ebdd,"CFM ARC wins bid for PNB's Gammon debt at 73 haircut. CFM Asset Reconstruction Company has acquired Punjab National Bank's 514 crore loan to Gammon India for 140 crore. This acquisition gives CFM control over a significant portion of Gammon's legacy non-performing asset, primarily targeting its real estate assets. The deal represents a substantial haircut for PNB, highlighting the challenges in recovering debt from EPC companies.",0,66,economic_times,0.8,"Wed, 18 Mar 2026 06:21:32 +0530",sector,news,2026-03-18T08:36:45.432656,0.9365,0.0519,0.0116,0.9249,9.62,positive
d8b20ebb06395f3318e845996c36aa98,2a3076868f629739b92acba4cf71df9d,"Purvah Green pulls the plug on Rs 5,750-cr GVK Energy resolution. Purvah Green, an RP Sanjiv Goenka Group company, has withdrawn its 5,750 crore bid for GVK Energy, citing uncertainties from the Gulf war. The decision follows a broader trend of cost rationalization and strategic reshaping due to the geopolitical situation. Adani Group had submitted the second-highest offer of 5,725 crore.",0,61,economic_times,0.8,"Wed, 18 Mar 2026 06:10:24 +0530",sector,news,2026-03-18T08:36:45.432656,0.0117,0.0512,0.9371,-0.9254,0.37,negative
b64ae2f52051b0f2f338f0ee7d624641,f92c67e1198e7f49f64e176ac7e13b32,"Svasti Microfinance raises Rs 47.5 crore. Adar Poonawalla-backed Svasti Microfinance secured 47.5 crore from key investors, including Abler Nordic and Rajiv Dadlani Group. This funding, a mix of equity and debt, will fuel expansion of its loan portfolio, bolster digital infrastructure, and broaden product offerings beyond joint liability loans. Svasti targets 1,400 crore in assets under management by March 2027.",0,60,economic_times,0.8,"Wed, 18 Mar 2026 06:02:37 +0530",sector,news,2026-03-18T08:36:45.432656,0.8865,0.1063,0.0072,0.8793,9.4,positive
278701086db3c546d11dd7d7f039e26b,b4c312fd96a2e0204f09aa5c17d16e5b,"GIFT Nifty up 70 points; here's the trading setup for today's session. Indian equity benchmarks ended higher on Tuesday. Buying momentum supported the market. Analysts see immediate support at 23,400 23,450 and resistance at 23,700 23,750. India VIX declined sharply. Foreign portfolio investors were net sellers, while domestic institutional investors were net buyers. The rupee declined to an all-time low against the US dollar.",0,64,economic_times,0.8,"Wed, 18 Mar 2026 06:01:00 +0530",sector,news,2026-03-18T08:36:45.432656,0.0244,0.0112,0.9644,-0.94,0.3,negative
b3afe702b23377cdc4807ae428d34e9f,3235b7f3fee3adb0b74a2e7bd2bfb64f,"Stocks in news: Maruti Suzuki, Tata Steel, Varun Beverages, PNB, TCS. Markets saw a second consecutive day of recovery, driven by value buying and stable global cues, with analysts expecting a rebound towards 23,800-24,000. Several companies like Maruti Suzuki, Tata Steel, and TCS were in focus due to significant news, including stake sales, acquisitions, and expansion plans.",0,57,economic_times,0.8,"Wed, 18 Mar 2026 06:01:00 +0530",Maruti Suzuki,news,2026-03-18T08:36:45.432656,0.9197,0.0363,0.0441,0.8756,9.38,positive
7e9a2ac06e8c0f8b499e179df3f513bb,4f7ebe11be0a01d0b157ecd2f858fdb1,"3 investors offload Urban Company shares worth Rs 734 crore. Major investors offloaded Urban Company shares worth over seven hundred crore rupees. This significant stake sale occurred as the mandatory lock-in period for pre-IPO shares ended. SBI Mutual Fund emerged as a key buyer, acquiring shares valued at more than six hundred crore rupees. The transactions saw a substantial portion of the company's equity change hands.",0,66,economic_times,0.8,"Wed, 18 Mar 2026 05:55:24 +0530",sector,news,2026-03-18T08:36:45.434236,0.5387,0.4466,0.0147,0.524,7.62,positive
ea93c58645ae87bb6b5ae6d0076926b5,93511f401b4b11be1f7d56b927b96cb7,"Sebi proposes changes to simplify nomination rules. Sebi has proposed simplifying nomination rules for demat accounts and mutual fund folios, making it the default option for new investors. This change aims to ease operational challenges, with investors now needing to explicitly opt out. Mandatory nominee information will be limited to name and relationship, with other details becoming optional.",0,58,economic_times,0.8,"Wed, 18 Mar 2026 05:48:25 +0530",sector,news,2026-03-18T08:36:45.434236,0.0628,0.9228,0.0144,0.0484,5.24,neutral
52b5e42049e0a092f3c48902ed13fd52,2f08439cd4c84e75192919334ffb9f8c,Cable amp; wire stocks fall up to 17 in March on metal price spike. Cable and wire company shares have seen a decline. This is due to a sudden increase in copper and aluminium prices. Investors are reacting to rising input costs. Demand remains steady. Sterlite Technologies is an outlier as it manufactures optical fibre cables. Other companies face higher production costs. Dispatches are slowing as dealers wait for prices to cool.,0,72,economic_times,0.8,"Wed, 18 Mar 2026 05:44:54 +0530",sector,news,2026-03-18T08:36:45.434236,0.0098,0.0172,0.973,-0.9632,0.18,negative
573a87418a9ef587d76f19d02b146591,b6fe4c1500caef7adeb84ac3e5e017f8,"Liquidity faces a bit of squeeze as Rs 2 lakh crore flows to tax kitty. India's banking system liquidity surplus narrowed to 75,483 crore due to advance tax outflows and forex market interventions. This pushed money market rates up, prompting the RBI to conduct a repo operation. Economists estimate the RBI sold over 15 billion to support the rupee.",0,59,economic_times,0.8,"Wed, 18 Mar 2026 05:26:44 +0530",sector,news,2026-03-18T08:36:45.434236,0.0677,0.0162,0.9161,-0.8483,0.76,negative
cc24e776c7560f08f13c762b98cd57ee,89d01f79790246fccfa1ae1e18d6fc55,"IRDAI holds talks on Public Insurance Registry design. India's insurance regulator, IRDAI, met with industry leaders to discuss the new Public Insurance Registry and Bima Sugam platform. This digital infrastructure aims to boost transparency and consumer protection. The initiative will consolidate insurance data, reduce information gaps, and improve fraud detection. It will cover the entire insurance process from policy to claims, enhancing regulatory oversight and promoting insurance inclusion.",0,68,economic_times,0.8,"Wed, 18 Mar 2026 01:13:23 +0530",sector,news,2026-03-18T08:36:45.434236,0.4819,0.5076,0.0105,0.4714,7.36,neutral
05933705a0c5fe50316ee533e8376680,daf3f4503b272ec90bdd4c472b5bfb59,"Fault lines show up in India s 25 billion private credit market. Industry executives say a few private credit deals are already showing early signs of stress. Light-touch regulations have meant that unlike banks or non-bank lenders that must periodically disclose their suspect-loans data, lenders in these markets do not need to disclose asset-level performance.",0,55,economic_times,0.8,"Wed, 18 Mar 2026 00:57:04 +0530",sector,news,2026-03-18T08:36:45.434236,0.0115,0.041,0.9475,-0.936,0.32,negative
cfe1c8050f81651daeac2159e3722afe,480853a7ed93190e25e8daf393502adc,"Adani Enterprises gets NCLT nod for JAL takeover. The National Company Law Tribunal has officially sanctioned Adani Enterprises' acquisition of Jaiprakash Associates, marking a historic moment in India s insolvency landscape. Secured in November 2025, this takeover allows Adani Enterprises to take the helm of the struggling cement and infrastructure firm, setting the stage for a transformative era for Jaiprakash Associates.",0,61,economic_times,0.8,"Wed, 18 Mar 2026 00:46:08 +0530",sector,news,2026-03-18T08:36:45.434236,0.8066,0.1819,0.0115,0.7951,8.98,positive
c9b96aa56b139cad8de16aa0d9f72f77,9dafd1972afc3ce52d0117f21f672ec1,"SEBI proposes modified nomination norms for Demat and Mutual Fund accounts. The Securities and Exchange Board of India (SEBI) has issued a consultation paper to modify nomination norms for demat accounts and mutual fund folios, aimed at simplifying investor on-boarding and aligning processes with banking standards.",0,46,economic_times,0.8,"Tue, 17 Mar 2026 21:22:15 +0530",sector,news,2026-03-18T08:36:45.434236,0.0739,0.8424,0.0838,-0.0099,4.95,neutral
7b31ab6f45432762e31ebae201b5f5b4,8fe85931cf2edaa9d59d792f64342be9,"Ahead of Market: 10 things that will decide stock market action on Wednesday. Nifty 50 and BSE Sensex rose for a second consecutive session, driven by banks, auto, and metal stocks, signaling bullish momentum, while global markets remained steady despite IT stock weakness.",0,43,economic_times,0.8,"Tue, 17 Mar 2026 21:18:35 +0530",sector,news,2026-03-18T08:36:45.434236,0.8963,0.0419,0.0619,0.8344,9.17,positive
78cd6f5bfa56e65cb6fbcb4b47eb04f7,163979628069046ea00f1a5a417ba717,"Market Trading Guide: SAIL, NTPC Green among 4 top stock recommendations for up to 8 gains on Wednesday. Nifty 50 rose sharply for a second session, driven by banking, auto and metal stocks, signalling bullish momentum. Analysts highlighted breakout patterns and recommended SAIL, MCX, NTPC Green and Aeroflex Industries.",0,49,economic_times,0.8,"Tue, 17 Mar 2026 21:02:06 +0530",sector,news,2026-03-18T08:36:45.434236,0.9319,0.036,0.0321,0.8998,9.5,positive
cfcfb245ecd2d1af04d22e7cbf3865ca,983ab0a270b937a411fec924653c927e,"Jindal Poly among 4 stocks that hit 52-week highs amp; rallied up to 95 in a month. The Sensex surged 568 points to close at 76,070 on Tuesday, driving a broader market rally. Four BSE 1000 stocks Jindal Poly Films, Acutaas Chemicals, Vardhman Textiles and Ipca Laboratories hit 52-week highs, signaling bullish momentum and potential gains ahead.",0,57,economic_times,0.8,"Tue, 17 Mar 2026 18:52:16 +0530",sector,news,2026-03-18T08:36:45.434236,0.9429,0.0356,0.0215,0.9214,9.61,positive
8124d8829407ecb04c78b23c09b09455,ec8c59444b9374383dc309f9b2389376,"India Glycols announces Rs 7.5 share dividend. Check smallcap's record date, dividend yield. India Glycols declared an interim dividend of Rs 7.5 per share for FY2025-26, with March 23 set as the record date. According to Trendlyne, the company has issued 23 dividends so far. Over the past year, it paid Rs 5 per share, translating to a dividend yield of 0.59 at the current stock price.",0,67,economic_times,0.8,"Tue, 17 Mar 2026 18:20:36 +0530",sector,news,2026-03-18T08:36:45.434236,0.0718,0.8849,0.0432,0.0286,5.14,neutral
20f50283ba8405865011ac8d6e784eb8,c0d31d4bfecbd12dee270dc63fe26a46,"Commodity Radar: Crude oil futures jump over 4 on MCX. Religare analyst sees 13 upside, suggests initiating long positions. Crude oil prices surged over 4 on MCX as geopolitical tensions in the Middle East disrupted supply expectations. Analysts expect continued volatility but maintain a bullish outlook, citing tight supply conditions. Religare suggests initiating long positions, with potential upside driven by sustained disruption in the Strait of Hormuz.",0,67,economic_times,0.8,"Tue, 17 Mar 2026 15:34:22 +0530",sector,news,2026-03-18T08:36:45.434236,0.5709,0.0465,0.3826,0.1884,5.94,positive
bc1418658f1fd6a8a3ff88714573ac78,8cea354dd6164725034e166bc5e85d3f,10 large-cap stocks deliver record quarterly profits over 10 quarters. 10 companies in the NSE large-cap segment reported December 2025 quarterly profits that were at least 15 higher than their previous peak profits over the past ten quarters.,0,38,economic_times,0.8,"Tue, 17 Mar 2026 15:30:46 +0530",sector,news,2026-03-18T08:36:45.434236,0.941,0.0199,0.0391,0.9019,9.51,positive
9232ad209ecea39ea87152bc547a1bc9,074550b73d98a25064feed0c5ad931b7,"From 29,300 to 24,900: Nomura slashes Nifty target, says another 5 correction possible! Here s why. Nomura has cut its Nifty target by 15 to 24,900, warning of a further 5 downside amid geopolitical tensions, rising oil prices and weakening flows. The brokerage sees risks to earnings and valuations, though it believes deeper corrections could create long-term buying opportunities for investors.",0,61,economic_times,0.8,"Tue, 17 Mar 2026 14:19:29 +0530",sector,news,2026-03-18T08:36:45.434236,0.0461,0.0194,0.9345,-0.8883,0.56,negative
1899dc7881e74dc882317891f59f27a2,83a6e64394c2816cb0220c285b2754d8,"Goldman Sachs cuts India's growth forecast to 6.4 for FY27, sees Re sliding to 95; Santanu Sengupta on the full outlook. Goldman Sachs has lowered India's growth forecast by 0.5 . The West Asia conflict is creating a unique oil shock. This impacts India's exports, energy imports, and remittances simultaneously. The rupee may weaken to 95 against the dollar within a year. Government fiscal policy will absorb domestic shocks. The external account faces challenges.",0,74,economic_times,0.8,"Wed, 18 Mar 2026 13:42:59 +0530",sector,news,2026-03-18T08:36:45.434236,0.0111,0.0242,0.9647,-0.9537,0.23,negative
eb6f64a037626834a2158150e1fd3407,968b28bbbfda161b744482918bfc1204,"Godrej Properties acquires 20-acre land in Bengaluru, aims Rs 1,350 cr revenue from housing project. Realty firm Godrej Properties Ltd has acquired 20 acres in Bengaluru to develop a housing project with an estimated revenue of Rs 1,350 crore.",0,39,economic_times,0.8,"Wed, 18 Mar 2026 13:37:26 +0530",sector,news,2026-03-18T08:36:45.434236,0.1266,0.8639,0.0095,0.1171,5.59,neutral
57f9b2d18c99bfe1c9231ff084f86275,89770a05ad1432ed9c7a82328403c6a8,"Global Markets Nikkei ends nearly 3 higher as AI, chip stocks rally. Japan's Nikkei share average ended nearly 3 higher on Wednesday, led by chip and artificial intelligence-related stocks, as concerns over the economic impact of surging oil prices subsided.",0,40,economic_times,0.8,"Wed, 18 Mar 2026 13:29:21 +0530",sector,news,2026-03-18T08:36:45.434236,0.9242,0.0271,0.0486,0.8756,9.38,positive
22ab1e2057241503ae6bbdf29df44552,100fcb0153064fbb08e04ed4c4f9b53c,"Manishi Raychaudhuri sees earnings revival as key for FII comeback in India. Foreign investors are favoring other emerging markets due to stronger growth and lower geopolitical risks, despite India's moderating valuations. While domestic investors benefit from financialization, a lack of supportive earnings and a need for sustained fiscal stimulus are key concerns for India's market outlook.",0,56,economic_times,0.8,"Wed, 18 Mar 2026 13:04:32 +0530",sector,news,2026-03-18T08:36:45.434236,0.9009,0.027,0.072,0.8289,9.14,positive
a4149513c8ac026dec158bb2cbcddfbd,b8c99c6a363e2d0651070f35b9a74432,"NSE said to set modest fee for its 2.5 billion India IPO. The National Stock Exchange of India is setting a modest advisory fee of around 0.65 for its upcoming IPO, potentially totaling 16.25 million. This contrasts sharply with higher averages paid by other companies, reflecting a trend of cost control in quasi-sovereign deals. Key banks have been appointed for the significant listing.",0,63,economic_times,0.8,"Wed, 18 Mar 2026 13:02:04 +0530",sector,news,2026-03-18T08:36:45.434236,0.2052,0.228,0.5668,-0.3616,3.19,negative
025f640a029091776d979279c9889847,22eddf008a6029e89f789bb879b478de,"Bitcoin trades near 74K supported by short liquidations and derivatives positioning. Bitcoin hovers around 74,000, buoyed by short liquidations and derivatives. Major cryptocurrencies like Ethereum and altcoins are also seeing gains. Traders are paying to maintain long positions above 73,000. All eyes are now on Federal Reserve Chair Jerome Powell's upcoming speech. The global crypto market capitalization has increased. Investors are watching for potential breakouts.",0,65,economic_times,0.8,"Wed, 18 Mar 2026 12:51:38 +0530",sector,news,2026-03-18T08:36:45.435797,0.8751,0.0822,0.0427,0.8323,9.16,positive
3d71ce063682c8acca317be4c7854161,faa8826e205a6c50b3877bc3442850a4,"RIL appoints 17 bankers for a potential Rs 40,000 crore Jio Platforms IPO. Jio Platforms has appointed 17 global and domestic investment banks, including Goldman Sachs and Morgan Stanley, to begin work on its mega IPO. With valuation estimates near 180 billion, even a 2.5 float could become India s largest-ever public offering.",0,53,economic_times,0.8,"Wed, 18 Mar 2026 12:44:51 +0530",sector,news,2026-03-18T08:36:45.435797,0.455,0.5309,0.014,0.441,7.21,neutral
ae392a5a58fda394cee497d68f364886,f4af9578d83b3c48aecd62aeb82f57ce,"Goldman warns of rupee at 95; pressure builds on RBI. Goldman Sachs predicts the Indian rupee could weaken to 95 against the dollar within a year due to the Iran conflict's impact. While inflation is currently stable, rising oil prices and a depreciating rupee might force the Reserve Bank of India to tighten monetary policy later.",0,56,economic_times,0.8,"Wed, 18 Mar 2026 12:36:35 +0530",sector,news,2026-03-18T08:36:45.435797,0.0232,0.0205,0.9563,-0.9332,0.33,negative
47d52d7c0cfe87480878bb6589e5e6ee,d4fef9636bfadfb854cc64b913545bfd,"Global Markets Australian shares end at one-week high as miners, energy stocks gain. Australian shares closed higher, marking a weekly peak, as mining stocks rallied. Investor sentiment remained cautious following the Reserve Bank of Australia's recent rate hike and warnings about inflation. Markets are now split on the likelihood of further rate increases, with upcoming employment data eyed closely. Major companies like BHP and Woodside announced new leadership.",0,68,economic_times,0.8,"Wed, 18 Mar 2026 12:28:04 +0530",sector,news,2026-03-18T08:36:45.435797,0.2797,0.0561,0.6641,-0.3844,3.08,negative
492ef0945cac6743736c7fe740a13853,263a0b416e754f2c49907d98dd9486ce,"Dipan Mehta urges caution despite early signs of market rebound. Markets show a tentative rebound, but sustainability hinges on external factors like oil prices and news flow. Experts caution against definitive bottom calls, emphasizing structural shifts for a sustained uptrend. Sector-specific insights reveal resilience in pharma, long-term potential in auto, and a shift towards cash flow discipline in real estate.",0,60,economic_times,0.8,"Wed, 18 Mar 2026 11:46:10 +0530",sector,news,2026-03-18T08:36:45.435797,0.94,0.0334,0.0267,0.9133,9.57,positive
2158a55e351314b474817c316da2067d,ed42ae6f240e134a7322974b64a7b687,"US Stock Market US stocks flash strong buy signal as sentiment resets, strategists turn optimistic. US stocks might be at a turning point. A key indicator from Barclays suggests a good time to buy. This signal has historically led to market rebounds. Investor sentiment has cooled, and positioning is light. Major Wall Street firms are also becoming more positive. This could lead to a potential stock market recovery.",0,68,economic_times,0.8,"Wed, 18 Mar 2026 11:05:03 +0530",sector,news,2026-03-18T08:36:45.435797,0.6865,0.0522,0.2613,0.4252,7.13,positive
49a61f399e9b83a1eeef05bfb8052e31,2b31a4bf2fdb37831582f9f8d8719332,"Buy L amp;T, PSU banks, and metals now; chemicals and EMS also attractive after correction: Sudip Bandyopadhyay. Market expert Sudip Bandyopadhyay sees current market dips as buying chances. He recommends L amp;T for its future order potential. PSU banks like SBI are strong long-term holds. Chemicals and agrochemicals are poised for growth despite headwinds. EMS sector benefits from policy changes. Metals, especially aluminium producers, are strong. KEI Industries requires patience. Investors can find opportunities in these sectors.",0,77,economic_times,0.8,"Wed, 18 Mar 2026 11:01:34 +0530",sector,news,2026-03-18T08:36:45.435797,0.537,0.4509,0.0121,0.5248,7.62,positive
a57c4838ce74746d89329694cd6c4754,a30a0254d29147d27199a81e5e57bc3f,"US Stock Market Sticky inflation to keep rate cuts at bay: Andrew Freris. Geopolitical tensions and volatile commodity markets are forcing investors to rethink traditional strategies, shifting focus from returns to resilience. Experts predict prolonged conflicts will drive structural changes in energy markets and favor defence stocks, while central banks remain cautious due to persistent inflation, limiting interest rate cuts.",0,60,economic_times,0.8,"Wed, 18 Mar 2026 10:31:56 +0530",sector,news,2026-03-18T08:36:45.435797,0.1788,0.0782,0.743,-0.5643,2.18,negative
0de3acc7b9319cbbaf24145e3e81ade5,83c24bdedb91da3791673ebdeedd6c71,"SBI mobilises Rs 6,051 crore from Tier II bonds to fund biz growth. The State Bank of India has achieved a remarkable feat by raising Rs 6,051 crore through its latest venture of issuing Tier II bonds compliant with Basel III standards. Boasting a competitive coupon rate of 7.05 percent, these funds are set to fuel the bank's ongoing growth initiatives.",0,61,economic_times,0.8,"Wed, 18 Mar 2026 09:55:15 +0530",sector,news,2026-03-18T08:36:45.435797,0.9042,0.0848,0.011,0.8932,9.47,positive
096ad88904fdfcea1882cb38ba25ed04,9162785d23625f5c8708f67234ba9aee,"GSP Crop Science IPO Day 3: NIL GMP, but NII subscription strong. Can it deliver gains on listing day? Check subscription status and highlights. GSP Crop Science IPO GMP: The Rs 400 crore GSP Crop Science IPO enters its final day with 96 subscription, led by strong NII demand while retail interest remains muted. With GMP at zero, listing expectations remain subdued.",0,62,economic_times,0.8,"Wed, 18 Mar 2026 09:54:50 +0530",sector,news,2026-03-18T08:36:45.435797,0.2721,0.1616,0.5663,-0.2941,3.53,negative
f7081e074c3984f81caad8bb4f47fb0e,ab4b83a1630c47b347a942ed1c11167c,Rupee falls 3 paise to 92.43 against US dollar in early trade. The Indian rupee opened at 92.42 against the US dollar on Wednesday. A plunge in global crude oil prices and positive opening at domestic equity markets prevented a sharper decline in the rupee.,0,45,economic_times,0.8,"Wed, 18 Mar 2026 09:49:08 +0530",sector,news,2026-03-18T08:36:45.435797,0.3028,0.0197,0.6775,-0.3746,3.13,negative
39f06d2de7bc36f6febae3640be69e52,e305185a64498defe39811fdef1e5483,"Global Market Yuan rally pushes Chinese firms to record FX hedging levels. Chinese companies are increasingly using foreign-exchange derivatives to hedge against a strengthening yuan, which threatens export earnings. Net outstanding forward settlement contracts reached a record 107 billion as the yuan appreciated significantly. This surge in hedging reflects a shift in currency dynamics, but increased dollar settlement positions expose companies to potential losses amid global uncertainty.",0,67,economic_times,0.8,"Wed, 18 Mar 2026 09:47:30 +0530",sector,news,2026-03-18T08:36:45.435797,0.85,0.0218,0.1282,0.7219,8.61,positive
5cff479edb54844ced0512ef32f7a5cd,5f0a44663879459872396d24d4091e53,"Crude price above 100 could dent India's earnings growth from Q1 FY27, warns Axis Securities. India's equity markets face a critical juncture as crude oil prices approach 100 per barrel. Axis Securities advises investors to hold positions and selectively add quality stocks, warning that sustained high crude could lead to earnings cuts from Q1 FY27. The firm highlights the economy's strong fundamentals but identifies crude oil as the primary near-term risk.",0,71,economic_times,0.8,"Wed, 18 Mar 2026 09:46:52 +0530",sector,news,2026-03-18T08:36:45.435797,0.0267,0.025,0.9483,-0.9215,0.39,negative
3ee7e3115b5d3c2066b181717fbb2e28,d0efa69797bb9ebadbcd95f4e10db97d,"Silver drops Rs 2,000, gold little changed as traders enter wait and watch mode ahead of US Fed meet; key levels for today. Gold and silver prices edged lower on March 18, 2026 as investors adopted a cautious stance ahead of the US Federal Reserve policy decision. While gold remained largely steady, silver declined nearly Rs 2,000. Analysts expect continued volatility, with key support and resistance levels guiding near-term trading strategies for both metals.",0,74,economic_times,0.8,"Wed, 18 Mar 2026 09:33:24 +0530",sector,news,2026-03-18T08:36:45.435797,0.0149,0.0178,0.9673,-0.9524,0.24,negative
57b24488865ea746f9e5a642707191eb,13fc2328e4f7603c13f0cdbb89aeaf73,"Global Market Japan exports extend growth streak, but oil price risks cloud outlook. Japan's exports saw a robust 4.2 year-on-year rise in February, defying expectations and signaling continued global demand. Despite a dip in shipments to the US and China, regional Asian markets showed resilience. However, surging energy costs due to Middle East tensions pose a significant risk, potentially impacting inflation and the nation's trade balance.",0,66,economic_times,0.8,"Wed, 18 Mar 2026 09:33:16 +0530",sector,news,2026-03-18T08:36:45.435797,0.2607,0.0225,0.7168,-0.4562,2.72,negative
a11cd7d9e79701282343fb0db5983281,388690dd7f3e986844b77e98485dca02,"US Stock Market Fed seen holding rates amid war-driven inflation risks and slowing growth. The US Federal Reserve is poised to hold interest rates steady amid escalating Middle East tensions, which are disrupting oil markets and supply chains. This geopolitical uncertainty complicates the Fed's balancing act between controlling persistent inflation and supporting a weakening economy. Investors will closely watch updated economic projections for signs of further deterioration.",0,67,economic_times,0.8,"Wed, 18 Mar 2026 09:23:27 +0530",sector,news,2026-03-18T08:36:45.435797,0.0325,0.054,0.9135,-0.881,0.6,negative
56f19dc99a4fad63117ba4fe84e8e86f,357bd2b814bd3681d9cbb814cfb0ad01,"ETMarkets PMS Talk Hidden gems lie in unloved sectors; contra opportunities emerging in pharma, auto ancillaries, select IT: ArunaGiri. Seasoned investors are finding attractive opportunities in overlooked sectors like pharma, auto ancillaries, and select IT, where temporary headwinds have created valuation gaps. TrustLine Holdings' Founder amp; CEO, N. ArunaGiri, emphasizes a disciplined, bottom-up value investing approach, highlighting the importance of margin of safety and identifying high-quality small-cap businesses at a discount for long-term wealth creation.",0,75,economic_times,0.8,"Wed, 18 Mar 2026 09:00:00 +0530",sector,news,2026-03-18T08:36:45.435797,0.3461,0.6419,0.012,0.3341,6.67,neutral
5d473e3d1994f19012828ea53219c75d,07781c1b4a831430faafab0be12003e5,"ETMarkets Smart Talk Underweight midcaps, long bonds, US tech; focus on diversification in volatile markets: 360 ONE Wealth s Sahil Kapoor. Amid global uncertainty, investors are advised to rethink portfolios with a focus on risk management. While Indian equities show a neutral outlook with earnings nearing a trough, macro risks like rising crude prices and geopolitical tensions persist. Experts suggest staying underweight on midcaps, long-duration bonds, and US tech giants.",0,70,economic_times,0.8,"Wed, 18 Mar 2026 09:00:00 +0530",sector,news,2026-03-18T08:36:45.435797,0.0314,0.0565,0.9121,-0.8807,0.6,negative
bd3b1fca72291f572582dcdbb474a449,0bad4365651b355e6b1612c900cb9d64,"Global Market Nikkei jumps nearly 2 as AI, chip stocks rally. Japan's Nikkei index surged on Wednesday, driven by technology stocks. Investors eased worries about rising oil prices, boosting market sentiment. Advantest and SoftBank Group saw significant gains. Shipping firm Mitsui OSK Lines and Mitsubishi Materials also experienced strong upward movement. Tokyo Electric Power also jumped on investment interest. Chugai Pharm was the sole decliner.",0,65,economic_times,0.8,"Wed, 18 Mar 2026 08:18:36 +0530",sector,news,2026-03-18T08:36:45.435797,0.9405,0.0291,0.0304,0.9101,9.55,positive
e3115a36957556ef005dd90a87785cb4,d203118206472b03c5e485794c608809,"Oil Price Today (March 18): Crude oil dips over 1 despite Iran war entering day 19. Here are two reasons why. Oil prices dipped Wednesday following a rise in US crude inventories. However, ongoing geopolitical tensions, particularly concerning the Strait of Hormuz, suggest prices may climb. Experts predict Brent crude could reach 120 or even 150 per barrel if the conflict persists. This could impact global economies and prompt policy intervention.",0,71,economic_times,0.8,"Wed, 18 Mar 2026 07:50:14 +0530",sector,news,2026-03-18T08:36:45.435797,0.0223,0.0246,0.9531,-0.9308,0.35,negative
784881631be5da411a3fa9e2d7b18a96,471cf3e4d76d4dae1e32e0294862a500,Pendency of Litigation(s) dispute(s) or the outcome impacting the Company. Maruti Suzuki India Limited has informed the Exchange about Pendency of Litigation(s) dispute(s) or the outcome impacting the Company,0,29,nse_announcements,0.9,17-Mar-2026 14:03:28,Maruti Suzuki,announcement,2026-03-18T08:36:45.437359,0.0182,0.8737,0.108,-0.0898,4.55,neutral
7b5498c65668abcfcc6ed4bbccb4e1c9,cd834b4a65a56146d6333beef09952df,Analysts Institutional Investor Meet Con. Call Updates. Maruti Suzuki India Limited has informed the Exchange about Investor Presentation,0,18,nse_announcements,0.9,17-Mar-2026 10:29:32,Maruti Suzuki,announcement,2026-03-18T08:36:45.437359,0.0291,0.9474,0.0235,0.0056,5.03,neutral
1c002107817bcba8c46bd755d82afed2,2e1ee787dcc8a008623ec77aadac3b74,General Updates. Maruti Suzuki India Limited has informed the Exchange about Maruti Suzuki Production Volume: February 2026,0,17,nse_announcements,0.9,01-Mar-2026 19:24:01,Maruti Suzuki,announcement,2026-03-18T08:36:45.437359,0.0242,0.9389,0.0369,-0.0126,4.94,neutral
9c6111acff0e6b0e67a70bfb1c0851ab,12b4bb8222b0c5effb16337fdddf9cf1,"Press Release. Maruti Suzuki India Limited has informed the Exchange regarding a press release dated March 01, 2026, titled Maruti Suzuki sales in February 2026 .",0,26,nse_announcements,0.9,01-Mar-2026 10:58:32,Maruti Suzuki,announcement,2026-03-18T08:36:45.437359,0.0287,0.9477,0.0235,0.0052,5.03,neutral
05833e1ff5334478109ff8fa61eedb82,fb8ed2ed93f3ee747a36ec1e59bb92bc,Copy of Newspaper Publication. Maruti Suzuki India Limited has informed the Exchange about Copy of Newspaper Publication,0,17,nse_announcements,0.9,20-Feb-2026 12:42:01,Maruti Suzuki,announcement,2026-03-18T08:36:45.437359,0.0206,0.9292,0.0502,-0.0295,4.85,neutral
477c3254b2f22037231a5a08c18e5ad9,4c4184b155e9d08cbe07a9b82bb3fefd,Investor Presentation. Maruti Suzuki India Limited has informed the Exchange about Investor Presentation,0,13,nse_announcements,0.9,28-Jan-2026 14:23:38,Maruti Suzuki,announcement,2026-03-18T08:36:45.437359,0.0285,0.9493,0.0222,0.0063,5.03,neutral
59bb9e923e22f1bbfeb82001de980216,1629f2800af7ceee32bcc7e0785dd64c,"Outcome of Board Meeting. Maruti Suzuki India Limited has submitted to the Exchange, the financial results for the period ended December 31, 2025.",0,23,nse_announcements,0.9,28-Jan-2026 14:11:42,Maruti Suzuki,announcement,2026-03-18T08:36:45.437359,0.0209,0.9401,0.039,-0.0182,4.91,neutral
c4d7bec8770440d95791dcb4622e158f,a75ceceadf173eb99ba3d4cba0b8f08e,Capacity addition. Maruti Suzuki India Limited has informed the Exchange about Board Approval for Land acquisition for Capacity Expansion,0,19,nse_announcements,0.9,12-Jan-2026 10:02:43,Maruti Suzuki,announcement,2026-03-18T08:36:45.438922,0.6268,0.3637,0.0095,0.6172,8.09,positive
63aac6d1af7d18c3680527e560e0fca4,bc2d67fd67af54d552c76df0d078cb38,"Trading Window. Maruti Suzuki India Limited has informed the Exchange regarding the Trading Window closure pursuant to SEBI (Prohibition of Insider Trading) Regulations, 2015",0,24,nse_announcements,0.9,25-Dec-2025 16:17:06,Maruti Suzuki,announcement,2026-03-18T08:36:45.438922,0.0223,0.5916,0.3861,-0.3638,3.18,neutral
c8699fd56a4c62cf0ed70229092d0ab8,71cd0f759972bf87d8b1debbd8f7f0ef,"Cessation. Tata Motors Passenger Vehicles Limited has informed the Exchange regarding Cessation of Mr Om Prakash Bhatt as Non- Executive Independent Director of the company w.e.f. March 08, 2026.",0,29,nse_announcements,0.9,08-Mar-2026 11:31:20,Tata Motors,announcement,2026-03-18T08:36:45.438922,0.0196,0.9452,0.0353,-0.0157,4.92,neutral
781d17f5ac50d60b586055a8c61ffba6,80381f9886d046d9d802b00fa50d63aa,"Press Release. Tata Motors Passenger Vehicles Limited has informed the Exchange regarding a press release dated March 01, 2026, titled Tata Motors Passenger Vehicles Limited (formerly Tata Motors Limited) Monthly Sales - February 2026 .",0,35,nse_announcements,0.9,01-Mar-2026 12:51:26,Tata Motors,announcement,2026-03-18T08:36:45.438922,0.0294,0.9453,0.0252,0.0042,5.02,neutral
f4f502cb6f2c54a77a6b29fee6a7823f,a5ef5fcd79e8e4e4d4f6210bf5edb9da,"ESOP ESOS ESPS. Tata Motors Passenger Vehicles Limited has informed the Exchange regarding Allotment of 46,190 Ordinary Equity Shares.",0,19,nse_announcements,0.9,18-Feb-2026 17:39:48,Tata Motors,announcement,2026-03-18T08:36:45.438922,0.034,0.9511,0.0149,0.0191,5.1,neutral
34484e3abd157cb08ce7f47bebdea2f3,40b39ac74af16629bf04431c65b7dd71,Copy of Newspaper Publication. Tata Motors Passenger Vehicles Limited has informed the Exchange about Copy of Newspaper Publication,0,18,nse_announcements,0.9,06-Feb-2026 10:03:24,Tata Motors,announcement,2026-03-18T08:36:45.438922,0.0228,0.9416,0.0357,-0.0129,4.94,neutral
b11976a5919403276fa7e996010c7c64,28356a35caa56111467be49202daa4de,Investor Presentation. Tata Motors Passenger Vehicles Limited has informed the Exchange about Investor Presentation,0,14,nse_announcements,0.9,05-Feb-2026 16:09:26,Tata Motors,announcement,2026-03-18T08:36:45.438922,0.0354,0.9478,0.0168,0.0186,5.09,neutral
0c0a33601600f076ec225d84f303f5ff,4de9f3aa5d2a470e3a4a6e59246be753,"Outcome of Board Meeting. Tata Motors Passenger Vehicles Limited has submitted to the Exchange, the financial results for the period ended December 31, 2025.",0,24,nse_announcements,0.9,05-Feb-2026 15:59:02,Tata Motors,announcement,2026-03-18T08:36:45.438922,0.0224,0.9416,0.036,-0.0137,4.93,neutral
7c2fecfdd1dc74ee344f79f2a1485d94,dde05cc71b3ef88d74f438a57347a7eb,General Updates. Tata Motors Passenger Vehicles Limited has informed the Exchange about ESG Rating,0,14,nse_announcements,0.9,16-Jan-2026 17:07:34,Tata Motors,announcement,2026-03-18T08:36:45.438922,0.0275,0.9497,0.0228,0.0048,5.02,neutral
8af480c8ee311916e48e3e95891fb96c,cd537a1f9954419fb401a5675e5de838,"Certificate under SEBI (Depositories and Participants) Regulations, 2018. Tata Motors Passenger Vehicles Limited has informed the Exchange about Certificate under SEBI (Depositories and Participants) Regulations, 2018",0,26,nse_announcements,0.9,05-Jan-2026 14:49:34,Tata Motors,announcement,2026-03-18T08:36:45.440484,0.0419,0.9417,0.0164,0.0255,5.13,neutral
c5230b637dc0779ba675ff1b5343848e,74962eaa560f13832e474d4e94357166,Shareholders meeting. Tata Motors Passenger Vehicles Limited has submitted the Exchange a copy Srutinizers report of Postal Ballot,0,18,nse_announcements,0.9,29-Dec-2025 20:45:33,Tata Motors,announcement,2026-03-18T08:36:45.440484,0.0367,0.9472,0.0162,0.0205,5.1,neutral
477f2998c17cf34bef8bdc92b839a8f7,bd0669177a836414209e9f7b1ef50d74,"Trading Window. Tata Motors Passenger Vehicles Limited has informed the Exchange regarding the Trading Window closure pursuant to SEBI (Prohibition of Insider Trading) Regulations, 2015",0,25,nse_announcements,0.9,24-Dec-2025 20:54:15,Tata Motors,announcement,2026-03-18T08:36:45.440484,0.0239,0.6504,0.3257,-0.3018,3.49,neutral
5b89122328ae7d6153a1fb41e01ab77b,0ed8813c837a2ef671de4d8abf64a243,Updates. Mahindra Mahindra Limited has informed the Exchange regarding 'Transfer of Equity Shares by Mahindra Mahindra Employees Stock Option Trust to the Stock Option Grantees'.,0,25,nse_announcements,0.9,12-Mar-2026 18:15:37,Mahindra & Mahindra,announcement,2026-03-18T08:36:45.440484,0.0391,0.9463,0.0146,0.0245,5.12,neutral
517c9278f883ec89f07e7bcbe9fcaee6,bbdf5fd1424456db55ebe9673cb4f68f,"General Updates. M M: Mahindra Mahindra Limited has informed the Exchange about Production, Sales and Export figures for the month of February 2026",0,23,nse_announcements,0.9,09-Mar-2026 17:45:25,Mahindra & Mahindra,announcement,2026-03-18T08:36:45.440484,0.0347,0.938,0.0274,0.0073,5.04,neutral
eeb43bb59486b2f5d7f27da1ac066da9,87e5d926fc64f53e5d0097abf322553e,News Verification. The Exchange has sought clarification from Mahindra Mahindra Limited with respect to recent news item captioned Indonesia puts vehicle imports from Tata Motors and Mahindra Mahindra on hold.. The response from the Company is attached.,0,37,nse_announcements,0.9,04-Mar-2026 14:21:59,"Tata Motors, Mahindra & Mahindra",announcement,2026-03-18T08:36:45.440484,0.0191,0.5213,0.4596,-0.4405,2.8,neutral
450acaa3583238676b43239b18124f16,0b522637b9dc62072688e7dca57965dc,Rumour Verification - Regulation 30(11). Mahindra Mahindra Limited has informed the Exchange about Rumour Verification - Regulation 30(11),0,18,nse_announcements,0.9,03-Mar-2026 09:45:15,Mahindra & Mahindra,announcement,2026-03-18T08:36:45.440484,0.026,0.9524,0.0216,0.0044,5.02,neutral
48ee9fadf5c0ce92f8d5b559b2f48d13,2b0f88e989b4fe42df4ead13d2efb770,Sale or disposal. Mahindra Mahindra Limited has informed the Exchange about Cessation of Blue Planet Integrated Waste Solutions Private Limited as an Associate of the Company,0,26,nse_announcements,0.9,02-Mar-2026 15:05:55,Mahindra & Mahindra,announcement,2026-03-18T08:36:45.440484,0.0237,0.9491,0.0272,-0.0034,4.98,neutral
430cb431453a93705dea1ad0d3fac441,45e0ef61269c17ce570bfacbb5f9e252,Other Restructuring. Mahindra Mahindra Limited has informed the Exchange about Other Restructuring,0,12,nse_announcements,0.9,02-Mar-2026 13:11:10,Mahindra & Mahindra,announcement,2026-03-18T08:36:45.440484,0.0236,0.906,0.0704,-0.0468,4.77,neutral
419ed6c6b6a8f27aae31bc3eeb2dabef,deec539960e92d38c7db4b623e03afea,"Press Release. Mahindra Mahindra Limited has informed the Exchange regarding a press release dated March 01, 2026, titled Three Press Releases issued by Mahindra Mahindra Limited .",0,27,nse_announcements,0.9,01-Mar-2026 11:27:38,Mahindra & Mahindra,announcement,2026-03-18T08:36:45.440484,0.0276,0.9487,0.0237,0.004,5.02,neutral
922cc981ecd2496469d7ff2482813ec4,dbae0ef90d1dc09abc9ed16d5e262cbd,Copy of Newspaper Publication. Mahindra Mahindra Limited has informed the Exchange about Copy of Newspaper Publication regarding the Transfer of Ordinary (Equity) Shares of the Company to Investor Education and Protection Fund Authority,0,33,nse_announcements,0.9,24-Feb-2026 19:35:17,Mahindra & Mahindra,announcement,2026-03-18T08:36:45.440484,0.0212,0.9476,0.0312,-0.0099,4.95,neutral
cb66e238d825bf02d5084620c5232e9a,58cc1bb84a9eef55171b282c73238f7f,"Product launch. Mahindra Mahindra Limited has informed the Exchange about Product launch by Mahindra Last Mile Mobility Limited, a subsidiary of the Company.",0,23,nse_announcements,0.9,12-Feb-2026 13:48:17,Mahindra & Mahindra,announcement,2026-03-18T08:36:45.442045,0.0438,0.9437,0.0126,0.0312,5.16,neutral
4732dc2c22f0a8bb2a2706f159314027,7ada34e1dc7a5163c2f15d2bff2db4e3,Investor Presentation. Mahindra Mahindra Limited has informed the Exchange about Investor Presentation,0,12,nse_announcements,0.9,11-Feb-2026 13:31:35,Mahindra & Mahindra,announcement,2026-03-18T08:36:45.442045,0.0284,0.9506,0.021,0.0074,5.04,neutral
637417f4ef03fd54a216f106fcd5f5f7,23ead4e40aba474db7b0e56e5fc7fe91,General Updates. Mahindra Mahindra Limited has informed the Exchange about Investor Presentation being made at the Press Analyst Meet,0,19,nse_announcements,0.9,11-Feb-2026 13:22:28,Mahindra & Mahindra,announcement,2026-03-18T08:36:45.442045,0.0319,0.9492,0.0189,0.0129,5.06,neutral
286e346a06e51985854c2afff5efe8ce,1b63683a65bd6dccf351b797f6d40e8f,"Outcome of Board Meeting. Mahindra Mahindra Limited has informed the Exchange regarding Outcome of Board Meeting held on February 11, 2026.",0,21,nse_announcements,0.9,11-Feb-2026 11:54:15,Mahindra & Mahindra,announcement,2026-03-18T08:36:45.442045,0.0251,0.9469,0.028,-0.003,4.99,neutral
e0f8f9de3a257be680c66c0f88c34f54,f2445de0be2e5d4f1b2229f21e145124,"Sale or disposal. Intimation by Mahindra Lifespace Developers Limited, a listed subsidiary of the Company, under Regulation 30 of the Securities and Exchange Board of India (Listing Obligations and Disclosure Requirements) Regulations, 2015 ( SEBI Listing Regulations )",0,38,nse_announcements,0.9,10-Feb-2026 11:08:24,Mahindra & Mahindra,announcement,2026-03-18T08:36:45.442045,0.0187,0.9271,0.0542,-0.0354,4.82,neutral
9007c6004ab551154d29d10289257810,6e7980d4f84e4f8f6f56bb3a48a29f56,Monthly Business Updates. Mahindra Mahindra Limited has informed the Exchange regarding Monthly Business Updates for the month of January 2026,0,20,nse_announcements,0.9,01-Feb-2026 10:39:35,Mahindra & Mahindra,announcement,2026-03-18T08:36:45.442045,0.0235,0.9406,0.0359,-0.0123,4.94,neutral
0b428dde518798ac860f7334f2756f83,2bb9ade17ec3812f6e5d42e721a053e4,"General Updates. Intimation Under Regulation 30 Of the SEBI (Listing Obligations and Disclosure Requirements) Regulations, 2015 ESG Ratings",0,18,nse_announcements,0.9,09-Jan-2026 17:24:03,sector,announcement,2026-03-18T08:36:45.443605,0.033,0.9507,0.0163,0.0167,5.08,neutral
43c77602c8b049bca56a4437a8396e56,bd5eee956719051bcdb6a2e6f8c35db2,Change in Management. Mahindra Mahindra Limited has informed the Exchange about change in Senior Management,0,15,nse_announcements,0.9,09-Jan-2026 09:19:19,Mahindra & Mahindra,announcement,2026-03-18T08:36:45.443605,0.0231,0.5211,0.4559,-0.4328,2.84,neutral
4da424304c785bfb1807e83f25f43cb5,6e634aad08144d23bd9000da90d8d246,"Acquisition. Mahindra Mahindra Limited has informed the Exchange about Intimation by Mahindra Lifespace Developers Limited, a listed subsidiary of the Company, under Regulation 30 of the Securities and Exchange Board of India (Listing Obligations and Disclosure Requirements) Regulations, 2015 ( SEBI Listing Regulations )",0,44,nse_announcements,0.9,02-Jan-2026 17:09:42,Mahindra & Mahindra,announcement,2026-03-18T08:36:45.443605,0.0238,0.9061,0.0701,-0.0463,4.77,neutral
38ab85de69bd07d628a9a01789dcec9a,ad7e210c766efe6af3554c1b54ba6f62,"Trading Window. Mahindra Mahindra Limited has informed the Exchange regarding the Trading Window closure pursuant to SEBI (Prohibition of Insider Trading) Regulations, 2015",0,23,nse_announcements,0.9,24-Dec-2025 18:04:49,Mahindra & Mahindra,announcement,2026-03-18T08:36:45.443605,0.0199,0.5254,0.4547,-0.4348,2.83,neutral
91d44cd94ca164c08dced64fe0c2c183,48c3c9e47c9d51a6e66fc091c57f885b,Copy of Newspaper Publication. Bajaj Auto Limited has informed the Exchange about Copy of Newspaper Publication regarding the Notice of Special Window for Transfer and Dematerialisation of Physical Securities,0,29,nse_announcements,0.9,13-Mar-2026 14:35:23,Bajaj Auto,announcement,2026-03-18T08:36:45.443605,0.0211,0.9461,0.0329,-0.0118,4.94,neutral
06dc542d9370cb403903ba6b5dd8e462,be63f5fc949e5285d77c7e399890b94e,Credit Rating. Bajaj Auto Limited has informed the Exchange about Credit Rating,0,12,nse_announcements,0.9,07-Mar-2026 13:38:43,Bajaj Auto,announcement,2026-03-18T08:36:45.443605,0.0294,0.9377,0.0328,-0.0034,4.98,neutral
a295d2f81bfc7046c586620c411dbaab,7717fe250142a9c063ef884769ac8417,"Agreements. Bajaj Auto Limited has informed the Exchange about repayment of loans and resultant termination of loan agreements entered into by Bajaj Auto International Holdings BV, a wholly owned subsidiary of Bajaj Auto Limited.",0,34,nse_announcements,0.9,06-Mar-2026 21:03:50,Bajaj Auto,announcement,2026-03-18T08:36:45.443605,0.0461,0.529,0.4249,-0.3788,3.11,neutral
9a4fe4d181559c5d80c1a52bc77106d8,8f176de3d394f536f6362534355d1940,"Press Release. Bajaj Auto Limited has informed the Exchange regarding a press release dated March 02, 2026, titled Sales for the month of February 2026 .",0,26,nse_announcements,0.9,02-Mar-2026 08:56:31,Bajaj Auto,announcement,2026-03-18T08:36:45.443605,0.026,0.945,0.029,-0.0031,4.98,neutral
d406a977dd5ed1a10b824362357da7b8,6a46b55a69e68a356d02c0d6c19c57a8,"General Updates. Bajaj Auto Limited has informed the Exchange about ad-hoc announcement made by Bajaj Mobility AG (formerly PIERER Mobility AG), a step-down subsidiary of Bajaj Auto Limited titled - International banking consortium grants KTM AG a refinancing loan to strengthen its financial foundation.",0,44,nse_announcements,0.9,27-Feb-2026 10:27:22,Bajaj Auto,announcement,2026-03-18T08:36:45.443605,0.8433,0.1392,0.0175,0.8258,9.13,positive
d0ab3a36336aedb082548b0dc97b4978,fd212b082edc31d1104ed655910d74fe,Acquisition. Bajaj Auto Limited has informed the Exchange about Acquisition - Additional investment by Bajaj Auto Limited in Clean Max Godavari Private Limited for open access group captive power purchase arrangement.,0,31,nse_announcements,0.9,30-Jan-2026 17:26:03,Bajaj Auto,announcement,2026-03-18T08:36:45.445196,0.2245,0.7674,0.0081,0.2164,6.08,neutral
dee88f8737f42b69d3fb20f858f8ae93,ff23002870e062ba3763f1fdad62af58,"Outcome of Board Meeting. Bajaj Auto Limited has informed the Exchange regarding Board meeting held on January 30, 2026.",0,19,nse_announcements,0.9,30-Jan-2026 16:32:59,Bajaj Auto,announcement,2026-03-18T08:36:45.445196,0.0245,0.9474,0.0281,-0.0037,4.98,neutral
25a3b158d1e4dbe3e5d417d84508c287,0a22eca6f6ecdd37670620fa035ba3f0,"Outcome of Board Meeting. Bajaj Auto Limited has submitted to the Exchange, the financial results for the period ended December 31, 2025.",0,22,nse_announcements,0.9,30-Jan-2026 16:29:45,Bajaj Auto,announcement,2026-03-18T08:36:45.445196,0.021,0.9402,0.0389,-0.0179,4.91,neutral
39f4488a476d2d879d55be8368c197bd,6fc2473c19a0a5c8ee80b2a96bbd739a,"Trading Window. Bajaj Auto Limited has informed the Exchange regarding the Trading Window closure pursuant to SEBI (Prohibition of Insider Trading) Regulations, 2015",0,23,nse_announcements,0.9,29-Dec-2025 20:57:46,Bajaj Auto,announcement,2026-03-18T08:36:45.445196,0.0217,0.6247,0.3535,-0.3318,3.34,neutral
57f32fe09cddcb3892ba34b5aecc2eb0,87a40f8ac7e6170ad3c0be048ef03438,Action(s) taken or orders passed. Bajaj Auto Limited has informed the Exchange about Action(s) taken or orders passed,0,18,nse_announcements,0.9,27-Dec-2025 15:03:09,Bajaj Auto,announcement,2026-03-18T08:36:45.445196,0.0241,0.8732,0.1027,-0.0786,4.61,neutral
0107f316251875f7565392e3c76e90b4,fb93b961088058107c7f33b7d9b10c59,"General Updates. Pursuant to Regulation 30 of the SEBI (Listing Obligations and Disclosure Requirements) Regulations, 2015, please find enclosed herewith the specimen of the letter(s) sent to those shareholders whose interim dividend for FY 2025-26 have been withheld.",0,38,nse_announcements,0.9,17-Mar-2026 20:03:49,sector,announcement,2026-03-18T08:36:45.446745,0.0201,0.9227,0.0572,-0.0371,4.81,neutral
eff7b94d173554a2884a65bf9fa6409f,d446e82f365cb6262c2d678f8740a1a4,"Disclosure of material issue. Please find enclosed herewith the intimation made by the Company under Regulation 30 read with Schedule III of SEBI (Listing Obligations and Disclosure Requirements) Regulations, 2015",0,30,nse_announcements,0.9,12-Mar-2026 15:28:41,sector,announcement,2026-03-18T08:36:45.446745,0.0215,0.9514,0.0271,-0.0056,4.97,neutral
62afc4fa100c70237e4ab8079e1a022c,942d9fe1cd35a6492e0217c89ca42e1e,"General Updates. Please find enclosed a specimen of the letter sent to those shareholders whose dividend were not remitted electronically, as the transaction(s) were rejected by the banking system.",0,29,nse_announcements,0.9,10-Mar-2026 21:41:53,sector,announcement,2026-03-18T08:36:45.446745,0.0176,0.8955,0.0869,-0.0693,4.65,neutral
5adab1a2d95272cee1cdd536d08f736e,42a15d7bc99eb5e5a001f44ed3d326a8,Copy of Newspaper Publication. Please find enclosed herewith copies of the newspaper advertisement published regarding the issue of duplicate share certificates viz. Letter of Confirmation in lieu of original share certificates that are reported to be lost and not traceable. Kindly note that the Letter of Confirmation will be issued to the concerned shareholders in case no objection is received on the advertisement,0,63,nse_announcements,0.9,07-Mar-2026 23:20:59,sector,announcement,2026-03-18T08:36:45.446745,0.019,0.9054,0.0757,-0.0567,4.72,neutral
453e95d3dd54a4c1d4f606363f6c795b,5fd4c5d76ee273a1923a45010ae0f164,Press Release. Please find enclosed herewith a copy of the Press Release being issued by the Company.,0,17,nse_announcements,0.9,01-Mar-2026 16:16:27,sector,announcement,2026-03-18T08:36:45.446745,0.0271,0.9511,0.0218,0.0054,5.03,neutral
403f5877eaf1245a3793cd9230645de7,0ba0debeff6c0d6a1ae515349a7927a1,"Copy of Newspaper Publication. Pursuant to Regulation 30 of the SEBI (Listing Obligations and Disclosure Requirements) Regulations, 2015, please find enclosed herewith the copies of the newspaper advertisement(s) intimating that the special window has been opened for transfer and dematerialisation of physical securities.",0,43,nse_announcements,0.9,11-Feb-2026 12:34:05,sector,announcement,2026-03-18T08:36:45.446745,0.0281,0.9545,0.0174,0.0107,5.05,neutral
f05f55089c98f780292883ee344d0413,88496cf1afea7972c00783ca3f4d4887,General Updates. Please find enclosed herewith the revised details of the persons authorized jointly for the purpose of determining materiality of event or information under Regulation 30 of SEBI Listing Regulations.,0,31,nse_announcements,0.9,05-Feb-2026 21:53:24,sector,announcement,2026-03-18T08:36:45.446745,0.0186,0.9517,0.0297,-0.0111,4.94,neutral
2ae320b1b0dbd1620a48d43c6e149e69,32e86bbb9f73f58e3931fd22349b164f,"Appointment. The Board of Directors at its meeting held today, viz. February 5, 2026 has appointed Mr. Prabhat Singh (Membership No.: F8724) as the Company Secretary Compliance Officer of the Company, effective from February 5, 2026. Consequent thereto, he shall also be the Nodal Officer of the Company.",0,48,nse_announcements,0.9,05-Feb-2026 21:50:29,sector,announcement,2026-03-18T08:36:45.446745,0.0339,0.9493,0.0168,0.017,5.09,neutral
ea4337c6133ec67fc442978bc336f781,42e6ff632930f38c85bb13d1998f5a44,"Disclosure of material issue. The Board of Directors at its meeting held today, viz. February 5, 2026 has considered and approved investment in the Solar Power Wheeling project, for the Company s plants at Uttarakhand and Rajasthan under the Group Captive mechanism.",0,42,nse_announcements,0.9,05-Feb-2026 21:46:08,sector,announcement,2026-03-18T08:36:45.446745,0.289,0.7021,0.0089,0.2801,6.4,neutral
4c166bdbb894f4ef18734091127ccc62,738ed5a72249f581b7725cd8c99cfe0c,"Acquisition. The Board of Directors at its meeting held today, viz. February 5, 2026 has considered and approved Additional investment of Rs. 275 crore (in one or more tranches, through a combination of primary infusion and or secondary purchase) in Euler Motors Private Limited.",0,44,nse_announcements,0.9,05-Feb-2026 21:41:32,sector,announcement,2026-03-18T08:36:45.446745,0.6365,0.3536,0.0099,0.6266,8.13,positive
b6f2777ca7515958420be48dfab40595,841bd001a4c5d8d5c4d478f801a8d5c1,"Record Date. The Board of Directors at its meeting held today, viz. February 5, 2026, has considered and approved interim dividend 5,500 i.e. Rs. 110 per equity share for the financial year 2025-26. Accordingly, the Board has fixed February 11, 2026 as record date for determining entitlement of members for the purpose of payment of interim dividend. The payment of interim dividend will be completed by March 7, 2026.",0,69,nse_announcements,0.9,05-Feb-2026 21:28:44,sector,announcement,2026-03-18T08:36:45.446745,0.0329,0.9473,0.0198,0.0131,5.07,neutral
a441d681b6915d1675a97e6bb17de105,b36a4df3bfb6b36b04f99f1ce4f3c8ac,"Dividend. The Board of Directors at its meeting held today, viz. February 5, 2026, has considered and approved interim dividend 5,500 i.e. Rs. 110 per equity share for the financial year 2025-26. Accordingly, the Board has fixed February 11, 2026 as record date for determining entitlement of members for the purpose of payment of interim dividend. The payment of interim dividend will be completed by March 7, 2026.",0,68,nse_announcements,0.9,05-Feb-2026 21:16:32,sector,announcement,2026-03-18T08:36:45.448331,0.029,0.9503,0.0206,0.0084,5.04,neutral
ef0f966fd251a6cda83f8565e1ea431c,7f5ef9583bd783dd788bbe1be9dd3b6a,"Outcome of Board Meeting. The Board of Directors at its meeting held today, viz. February 5, 2026 has considered and approved the matters given in the attached file.",0,28,nse_announcements,0.9,05-Feb-2026 21:06:14,sector,announcement,2026-03-18T08:36:45.448331,0.0485,0.9363,0.0152,0.0333,5.17,neutral
747d720b58c79c11c43eac0c8b5bc76e,acadcfbd7fea54e78f607430d7ad2f9d,"Allotment of Securities. The Nomination and Remuneration Committee of the Company at its meeting held today, i.e. February 4, 2026 has allotted 8,165 equity shares of face value of Rs. 2 - each to the eligible employees of the Company who have exercised their stock options units under Employee Incentive Scheme 2014.",0,52,nse_announcements,0.9,04-Feb-2026 18:43:26,sector,announcement,2026-03-18T08:36:45.448331,0.2629,0.7232,0.0139,0.249,6.25,neutral
ee4eeb3c89933bb781e1fd5aad9edde7,b69da8451411cb47a692fba4f44b8bf9,"Action(s) taken or orders passed. Please find enclosed herewith the intimation made by the Company under Regulation 30 of the SEBI (Listing Obligations and Disclosure Requirements) Regulations, 2015.",0,28,nse_announcements,0.9,20-Jan-2026 15:59:53,sector,announcement,2026-03-18T08:36:45.448331,0.0226,0.9461,0.0313,-0.0087,4.96,neutral
4b95afd5b70068333acfc5d2464c03e1,d8e9ee653486b939e23fe887ee47e4e3,Credit Rating. Hero MotoCorp Limited has informed the Exchange about Credit Rating,0,12,nse_announcements,0.9,08-Jan-2026 18:18:54,Hero MotoCorp,announcement,2026-03-18T08:36:45.448331,0.0313,0.9443,0.0244,0.0069,5.03,neutral
f34a59504bfd61ba99b95667cb229fed,ba4552ff124ecfee24d36d7246e78c0d,"Trading Window. Hero MotoCorp Limited has informed the Exchange regarding the Trading Window closure pursuant to SEBI (Prohibition of Insider Trading) Regulations, 2015",0,23,nse_announcements,0.9,22-Dec-2025 12:58:44,Hero MotoCorp,announcement,2026-03-18T08:36:45.448331,0.0226,0.632,0.3454,-0.3228,3.39,neutral
